-- ================================================================
-- PostgreSQL init script — Control de Deudas
-- Auto-generated by scripts/mysql_to_postgres.py
-- This file runs automatically the FIRST time the PG container
-- starts (via /docker-entrypoint-initdb.d).
-- ================================================================

SET client_encoding = 'UTF8';
SET standard_conforming_strings = on;

BEGIN;

-- ────────── SCHEMA ──────────────────────────────────────────────
CREATE TABLE IF NOT EXISTS "users" (
    "id"                BIGSERIAL     NOT NULL,
    "name"              VARCHAR(255)  NOT NULL,
    "email"             VARCHAR(255)  NOT NULL,
    "email_verified_at" TIMESTAMP,
    "password"          VARCHAR(255)  NOT NULL,
    "role"              VARCHAR(20)   NOT NULL DEFAULT 'user',
    "approved_at"       TIMESTAMP,
    "is_active"         BOOLEAN       NOT NULL DEFAULT TRUE,
    "rol"               VARCHAR(50)   NOT NULL DEFAULT 'user',
    "activo"            BOOLEAN       NOT NULL DEFAULT TRUE,
    "remember_token"    VARCHAR(100),
    "created_at"        TIMESTAMP,
    "updated_at"        TIMESTAMP,
    PRIMARY KEY ("id")
);
CREATE UNIQUE INDEX IF NOT EXISTS users_email_unique ON "users" ("email");

CREATE TABLE IF NOT EXISTS "roles" (
    "id"          BIGSERIAL    NOT NULL,
    "name"        VARCHAR(255) NOT NULL,
    "description" TEXT,
    "created_at"  TIMESTAMP,
    "updated_at"  TIMESTAMP,
    PRIMARY KEY ("id")
);
CREATE UNIQUE INDEX IF NOT EXISTS roles_name_unique ON "roles" ("name");
CREATE INDEX        IF NOT EXISTS roles_name_index  ON "roles" ("name");

CREATE TABLE IF NOT EXISTS "clientes" (
    "id"         BIGSERIAL    NOT NULL,
    "user_id"    BIGINT       NOT NULL,
    "nombre"     VARCHAR(100) NOT NULL,
    "apellido"   VARCHAR(100) NOT NULL,
    "cedula"     VARCHAR(20),
    "telefono"   VARCHAR(20),
    "email"      VARCHAR(150),
    "direccion"  TEXT,
    "notas"      TEXT,
    "estado"     VARCHAR(20)  NOT NULL DEFAULT 'activo',
    "created_at" TIMESTAMP,
    "updated_at" TIMESTAMP,
    PRIMARY KEY ("id"),
    CONSTRAINT clientes_user_id_foreign FOREIGN KEY ("user_id") REFERENCES "users" ("id") ON DELETE CASCADE
);
CREATE INDEX IF NOT EXISTS clientes_user_id_estado_index ON "clientes" ("user_id", "estado");
CREATE INDEX IF NOT EXISTS clientes_cedula_index         ON "clientes" ("cedula");

CREATE TABLE IF NOT EXISTS "configuraciones" (
    "id"          BIGSERIAL    NOT NULL,
    "key"         VARCHAR(255) NOT NULL,
    "value"       TEXT,
    "descripcion" VARCHAR(255),
    "tipo"        VARCHAR(20)  NOT NULL DEFAULT 'string',
    "created_at"  TIMESTAMP,
    "updated_at"  TIMESTAMP,
    PRIMARY KEY ("id")
);
CREATE UNIQUE INDEX IF NOT EXISTS configuraciones_key_unique ON "configuraciones" ("key");

CREATE TABLE IF NOT EXISTS "entidades" (
    "id"                BIGSERIAL    NOT NULL,
    "user_id"           BIGINT       NOT NULL,
    "razon_social"      VARCHAR(200) NOT NULL,
    "ruc"               VARCHAR(20),
    "tipo"              VARCHAR(20)  NOT NULL DEFAULT 'publica',
    "contacto_nombre"   VARCHAR(150),
    "contacto_telefono" VARCHAR(20),
    "contacto_email"    VARCHAR(150),
    "direccion"         TEXT,
    "notas"             TEXT,
    "estado"            VARCHAR(20)  NOT NULL DEFAULT 'activa',
    "created_at"        TIMESTAMP,
    "updated_at"        TIMESTAMP,
    PRIMARY KEY ("id"),
    CONSTRAINT entidades_user_id_foreign FOREIGN KEY ("user_id") REFERENCES "users" ("id") ON DELETE CASCADE
);
CREATE INDEX IF NOT EXISTS entidades_user_id_estado_index ON "entidades" ("user_id", "estado");
CREATE INDEX IF NOT EXISTS entidades_ruc_index            ON "entidades" ("ruc");

CREATE TABLE IF NOT EXISTS "inmuebles" (
    "id"          BIGSERIAL    NOT NULL,
    "user_id"     BIGINT       NOT NULL,
    "nombre"      VARCHAR(150) NOT NULL,
    "direccion"   TEXT         NOT NULL,
    "tipo"        VARCHAR(20)  NOT NULL DEFAULT 'otro',
    "descripcion" TEXT,
    "estado"      VARCHAR(20)  NOT NULL DEFAULT 'disponible',
    "created_at"  TIMESTAMP,
    "updated_at"  TIMESTAMP,
    PRIMARY KEY ("id"),
    CONSTRAINT inmuebles_user_id_foreign FOREIGN KEY ("user_id") REFERENCES "users" ("id") ON DELETE CASCADE
);
CREATE INDEX IF NOT EXISTS inmuebles_user_id_estado_index ON "inmuebles" ("user_id", "estado");

CREATE TABLE IF NOT EXISTS "deudas" (
    "id"               BIGSERIAL     NOT NULL,
    "tipo_deuda"       VARCHAR(20)   NOT NULL DEFAULT 'particular',
    "user_id"          BIGINT        NOT NULL,
    "cliente_id"       BIGINT,
    "descripcion"      VARCHAR(255)  NOT NULL,
    "monto_total"      DECIMAL(12,2) NOT NULL,
    "monto_pendiente"  DECIMAL(12,2) NOT NULL,
    "currency_code"    VARCHAR(3)    NOT NULL DEFAULT 'PEN',
    "tasa_interes"     DECIMAL(5,2)  NOT NULL DEFAULT 0.00,
    "fecha_inicio"     DATE          NOT NULL,
    "fecha_vencimiento" DATE,
    "estado"           VARCHAR(20)   NOT NULL DEFAULT 'activa',
    "frecuencia_pago"  VARCHAR(20)   NOT NULL DEFAULT 'mensual',
    "numero_cuotas"    INTEGER,
    "notas"            TEXT,
    "created_at"       TIMESTAMP,
    "updated_at"       TIMESTAMP,
    PRIMARY KEY ("id"),
    CONSTRAINT deudas_user_id_foreign    FOREIGN KEY ("user_id")    REFERENCES "users"    ("id") ON DELETE CASCADE,
    CONSTRAINT deudas_cliente_id_foreign FOREIGN KEY ("cliente_id") REFERENCES "clientes" ("id") ON DELETE CASCADE
);
CREATE INDEX IF NOT EXISTS deudas_user_id_estado_index              ON "deudas" ("user_id",  "estado");
CREATE INDEX IF NOT EXISTS deudas_cliente_id_estado_index           ON "deudas" ("cliente_id","estado");
CREATE INDEX IF NOT EXISTS deudas_fecha_vencimiento_index           ON "deudas" ("fecha_vencimiento");
CREATE INDEX IF NOT EXISTS deudas_tipo_deuda_index                  ON "deudas" ("tipo_deuda");
CREATE INDEX IF NOT EXISTS deudas_user_id_tipo_deuda_estado_index   ON "deudas" ("user_id","tipo_deuda","estado");

CREATE TABLE IF NOT EXISTS "deuda_alquileres" (
    "id"                   BIGSERIAL     NOT NULL,
    "deuda_id"             BIGINT        NOT NULL,
    "inmueble_id"          BIGINT        NOT NULL,
    "monto_mensual"        DECIMAL(12,2) NOT NULL,
    "periodicidad"         VARCHAR(20)   NOT NULL DEFAULT 'mensual',
    "fecha_inicio_contrato" DATE         NOT NULL,
    "fecha_corte"          DATE,
    "servicios_incluidos"  TEXT,
    "created_at"           TIMESTAMP,
    "updated_at"           TIMESTAMP,
    PRIMARY KEY ("id"),
    CONSTRAINT deuda_alquileres_deuda_id_foreign    FOREIGN KEY ("deuda_id")    REFERENCES "deudas"   ("id") ON DELETE CASCADE,
    CONSTRAINT deuda_alquileres_inmueble_id_foreign FOREIGN KEY ("inmueble_id") REFERENCES "inmuebles" ("id") ON DELETE CASCADE
);
CREATE UNIQUE INDEX IF NOT EXISTS deuda_alquileres_deuda_id_unique   ON "deuda_alquileres" ("deuda_id");
CREATE        INDEX IF NOT EXISTS deuda_alquileres_inmueble_id_index ON "deuda_alquileres" ("inmueble_id");
CREATE        INDEX IF NOT EXISTS deuda_alquileres_fecha_corte_index ON "deuda_alquileres" ("fecha_corte");

CREATE TABLE IF NOT EXISTS "deuda_entidades" (
    "id"                BIGSERIAL     NOT NULL,
    "deuda_id"          BIGINT        NOT NULL,
    "entidad_id"        BIGINT        NOT NULL,
    "orden_compra"      VARCHAR(100)  NOT NULL,
    "fecha_emision"     DATE          NOT NULL,
    "producto_servicio" VARCHAR(255)  NOT NULL,
    "codigo_siaf"       VARCHAR(50),
    "estado_siaf"       CHAR(1),
    "fase_siaf"         VARCHAR(10),
    "estado_expediente" VARCHAR(50),
    "fecha_proceso"     TIMESTAMP,
    "fecha_limite_pago" DATE          NOT NULL,
    "estado_seguimiento" VARCHAR(20)  NOT NULL DEFAULT 'emitido',
    "empresa_factura"   VARCHAR(255),
    "unidad_ejecutora"  VARCHAR(150),
    "cerrado"           BOOLEAN       NOT NULL DEFAULT FALSE,
    "created_at"        TIMESTAMP,
    "updated_at"        TIMESTAMP,
    PRIMARY KEY ("id"),
    CONSTRAINT deuda_entidades_deuda_id_foreign   FOREIGN KEY ("deuda_id")   REFERENCES "deudas"    ("id") ON DELETE CASCADE,
    CONSTRAINT deuda_entidades_entidad_id_foreign FOREIGN KEY ("entidad_id") REFERENCES "entidades" ("id") ON DELETE CASCADE
);
CREATE UNIQUE INDEX IF NOT EXISTS deuda_entidades_deuda_id_unique                       ON "deuda_entidades" ("deuda_id");
CREATE        INDEX IF NOT EXISTS deuda_entidades_entidad_id_estado_seguimiento_index   ON "deuda_entidades" ("entidad_id","estado_seguimiento");
CREATE        INDEX IF NOT EXISTS deuda_entidades_codigo_siaf_index                     ON "deuda_entidades" ("codigo_siaf");
CREATE        INDEX IF NOT EXISTS deuda_entidades_fecha_limite_pago_index               ON "deuda_entidades" ("fecha_limite_pago");

CREATE TABLE IF NOT EXISTS "deuda_historial" (
    "id"              BIGSERIAL    NOT NULL,
    "deuda_id"        BIGINT       NOT NULL,
    "user_id"         BIGINT       NOT NULL,
    "evento"          VARCHAR(100) NOT NULL,
    "datos_anteriores" TEXT,
    "datos_nuevos"    TEXT,
    "descripcion"     TEXT,
    "created_at"      TIMESTAMP,
    "updated_at"      TIMESTAMP,
    PRIMARY KEY ("id"),
    CONSTRAINT deuda_historial_deuda_id_foreign FOREIGN KEY ("deuda_id") REFERENCES "deudas" ("id") ON DELETE CASCADE,
    CONSTRAINT deuda_historial_user_id_foreign  FOREIGN KEY ("user_id")  REFERENCES "users"  ("id") ON DELETE CASCADE
);
CREATE INDEX IF NOT EXISTS deuda_historial_user_id_foreign          ON "deuda_historial" ("user_id");
CREATE INDEX IF NOT EXISTS deuda_historial_deuda_id_created_at_index ON "deuda_historial" ("deuda_id","created_at");
CREATE INDEX IF NOT EXISTS deuda_historial_evento_index              ON "deuda_historial" ("evento");

CREATE TABLE IF NOT EXISTS "movimientos" (
    "id"             BIGSERIAL     NOT NULL,
    "user_id"        BIGINT        NOT NULL,
    "tipo"           VARCHAR(30)   NOT NULL,
    "referencia_tipo" VARCHAR(50),
    "referencia_id"  BIGINT,
    "monto"          DECIMAL(12,2) NOT NULL,
    "descripcion"    VARCHAR(255)  NOT NULL,
    "created_at"     TIMESTAMP,
    "updated_at"     TIMESTAMP,
    PRIMARY KEY ("id"),
    CONSTRAINT movimientos_user_id_foreign FOREIGN KEY ("user_id") REFERENCES "users" ("id") ON DELETE CASCADE
);
CREATE INDEX IF NOT EXISTS movimientos_user_id_tipo_index ON "movimientos" ("user_id","tipo");
CREATE INDEX IF NOT EXISTS movimientos_created_at_index   ON "movimientos" ("created_at");

CREATE TABLE IF NOT EXISTS "notificaciones" (
    "id"           BIGSERIAL    NOT NULL,
    "user_id"      BIGINT       NOT NULL,
    "deuda_id"     BIGINT       NOT NULL,
    "canal"        VARCHAR(20)  NOT NULL DEFAULT 'whatsapp',
    "estado"       VARCHAR(20)  NOT NULL DEFAULT 'pendiente',
    "mensaje"      TEXT         NOT NULL,
    "destinatario" VARCHAR(100) NOT NULL,
    "fecha_envio"  TIMESTAMP,
    "error"        TEXT,
    "created_at"   TIMESTAMP,
    "updated_at"   TIMESTAMP,
    PRIMARY KEY ("id"),
    CONSTRAINT notificaciones_user_id_foreign  FOREIGN KEY ("user_id")  REFERENCES "users"  ("id") ON DELETE CASCADE,
    CONSTRAINT notificaciones_deuda_id_foreign FOREIGN KEY ("deuda_id") REFERENCES "deudas" ("id") ON DELETE CASCADE
);
CREATE INDEX IF NOT EXISTS notificaciones_user_id_estado_index    ON "notificaciones" ("user_id","estado");
CREATE INDEX IF NOT EXISTS notificaciones_deuda_id_canal_index    ON "notificaciones" ("deuda_id","canal");
CREATE INDEX IF NOT EXISTS notificaciones_fecha_envio_index       ON "notificaciones" ("fecha_envio");

CREATE TABLE IF NOT EXISTS "ordenes_compra" (
    "id"              BIGSERIAL     NOT NULL,
    "user_id"         BIGINT        NOT NULL,
    "deuda_id"        BIGINT,
    "numero_oc"       VARCHAR(50)   NOT NULL,
    "cliente"         VARCHAR(200)  NOT NULL,
    "empresa_factura" VARCHAR(200),
    "entidad_recibe"  VARCHAR(200),
    "fecha_oc"        DATE          NOT NULL,
    "fecha_entrega"   DATE,
    "estado"          VARCHAR(20)   NOT NULL DEFAULT 'pendiente',
    "total_oc"        DECIMAL(12,2) NOT NULL,
    "currency_code"   VARCHAR(10)   NOT NULL DEFAULT 'PEN',
    "notas"           TEXT,
    "created_at"      TIMESTAMP,
    "updated_at"      TIMESTAMP,
    PRIMARY KEY ("id"),
    CONSTRAINT fk_ordenes_compra_user  FOREIGN KEY ("user_id")  REFERENCES "users"  ("id") ON DELETE CASCADE,
    CONSTRAINT fk_ordenes_compra_deuda FOREIGN KEY ("deuda_id") REFERENCES "deudas" ("id") ON DELETE SET NULL
);
CREATE UNIQUE INDEX IF NOT EXISTS ordenes_compra_numero_oc_unique    ON "ordenes_compra" ("numero_oc");
CREATE        INDEX IF NOT EXISTS fk_ordenes_compra_user_index       ON "ordenes_compra" ("user_id");
CREATE        INDEX IF NOT EXISTS fk_ordenes_compra_deuda_index      ON "ordenes_compra" ("deuda_id");

CREATE TABLE IF NOT EXISTS "gastos_oc" (
    "id"              BIGSERIAL     NOT NULL,
    "orden_compra_id" BIGINT        NOT NULL,
    "tipo_gasto"      VARCHAR(30)   NOT NULL,
    "cantidad"        INTEGER       NOT NULL DEFAULT 1,
    "descripcion"     VARCHAR(255),
    "monto"           DECIMAL(12,2) NOT NULL,
    "fecha"           DATE,
    "boleta_path"     VARCHAR(500),
    "created_at"      TIMESTAMP,
    "updated_at"      TIMESTAMP,
    PRIMARY KEY ("id"),
    CONSTRAINT fk_gastos_oc_orden FOREIGN KEY ("orden_compra_id") REFERENCES "ordenes_compra" ("id") ON DELETE CASCADE
);
CREATE INDEX IF NOT EXISTS fk_gastos_oc_orden_index ON "gastos_oc" ("orden_compra_id");

CREATE TABLE IF NOT EXISTS "pagos" (
    "id"           BIGSERIAL     NOT NULL,
    "deuda_id"     BIGINT        NOT NULL,
    "monto"        DECIMAL(12,2) NOT NULL,
    "currency_code" VARCHAR(3)   NOT NULL DEFAULT 'PEN',
    "fecha_pago"   DATE          NOT NULL,
    "metodo_pago"  VARCHAR(20)   NOT NULL DEFAULT 'efectivo',
    "referencia"   VARCHAR(100),
    "notas"        TEXT,
    "created_at"   TIMESTAMP,
    "updated_at"   TIMESTAMP,
    PRIMARY KEY ("id"),
    CONSTRAINT pagos_deuda_id_foreign FOREIGN KEY ("deuda_id") REFERENCES "deudas" ("id") ON DELETE CASCADE
);
CREATE INDEX IF NOT EXISTS pagos_deuda_id_index  ON "pagos" ("deuda_id");
CREATE INDEX IF NOT EXISTS pagos_fecha_pago_index ON "pagos" ("fecha_pago");

CREATE TABLE IF NOT EXISTS "pagos_oc" (
    "id"              BIGSERIAL     NOT NULL,
    "orden_compra_id" BIGINT        NOT NULL,
    "monto"           DECIMAL(12,2) NOT NULL,
    "fecha_pago"      DATE          NOT NULL,
    "metodo_pago"     VARCHAR(20)   NOT NULL DEFAULT 'transferencia',
    "referencia"      VARCHAR(100),
    "notas"           TEXT,
    "created_at"      TIMESTAMP,
    "updated_at"      TIMESTAMP,
    PRIMARY KEY ("id"),
    CONSTRAINT fk_pagos_oc_orden FOREIGN KEY ("orden_compra_id") REFERENCES "ordenes_compra" ("id") ON DELETE CASCADE
);
CREATE INDEX IF NOT EXISTS fk_pagos_oc_orden_index ON "pagos_oc" ("orden_compra_id");

CREATE TABLE IF NOT EXISTS "recibos_alquiler" (
    "id"                BIGSERIAL     NOT NULL,
    "deuda_alquiler_id" BIGINT        NOT NULL,
    "numero_recibo"     VARCHAR(50)   NOT NULL,
    "monto"             DECIMAL(12,2) NOT NULL,
    "periodo_inicio"    DATE          NOT NULL,
    "periodo_fin"       DATE          NOT NULL,
    "estado"            VARCHAR(20)   NOT NULL DEFAULT 'pendiente',
    "fecha_pago"        DATE,
    "notas"             TEXT,
    "created_at"        TIMESTAMP,
    "updated_at"        TIMESTAMP,
    PRIMARY KEY ("id"),
    CONSTRAINT recibos_alquiler_deuda_alquiler_id_foreign FOREIGN KEY ("deuda_alquiler_id") REFERENCES "deuda_alquileres" ("id") ON DELETE CASCADE
);
CREATE INDEX IF NOT EXISTS recibos_alquiler_deuda_alquiler_id_estado_index
    ON "recibos_alquiler" ("deuda_alquiler_id","estado");
CREATE INDEX IF NOT EXISTS recibos_alquiler_periodo_inicio_periodo_fin_index
    ON "recibos_alquiler" ("periodo_inicio","periodo_fin");

CREATE TABLE IF NOT EXISTS "cache" (
    "key"        VARCHAR(255) NOT NULL,
    "value"      TEXT         NOT NULL,
    "expiration" INTEGER      NOT NULL,
    PRIMARY KEY ("key")
);
CREATE INDEX IF NOT EXISTS cache_expiration_index ON "cache" ("expiration");

CREATE TABLE IF NOT EXISTS "cache_locks" (
    "key"        VARCHAR(255) NOT NULL,
    "owner"      VARCHAR(255) NOT NULL,
    "expiration" INTEGER      NOT NULL,
    PRIMARY KEY ("key")
);
CREATE INDEX IF NOT EXISTS cache_locks_expiration_index ON "cache_locks" ("expiration");

CREATE TABLE IF NOT EXISTS "sessions" (
    "id"            VARCHAR(255) NOT NULL,
    "user_id"       BIGINT,
    "ip_address"    VARCHAR(45),
    "user_agent"    TEXT,
    "payload"       TEXT         NOT NULL,
    "last_activity" INTEGER      NOT NULL,
    PRIMARY KEY ("id")
);
CREATE INDEX IF NOT EXISTS sessions_user_id_index       ON "sessions" ("user_id");
CREATE INDEX IF NOT EXISTS sessions_last_activity_index ON "sessions" ("last_activity");

CREATE TABLE IF NOT EXISTS "password_reset_tokens" (
    "email"      VARCHAR(255) NOT NULL,
    "token"      VARCHAR(255) NOT NULL,
    "created_at" TIMESTAMP,
    PRIMARY KEY ("email")
);

CREATE TABLE IF NOT EXISTS "migrations" (
    "id"        SERIAL       NOT NULL,
    "migration" VARCHAR(255) NOT NULL,
    "batch"     INTEGER      NOT NULL,
    PRIMARY KEY ("id")
);

CREATE TABLE IF NOT EXISTS "actividad_logs" (
    "id"           BIGSERIAL     NOT NULL,
    "user_id"      BIGINT,
    "accion"       VARCHAR(50)   NOT NULL,
    "entidad_tipo" VARCHAR(50)   NOT NULL,
    "entidad_id"   BIGINT,
    "descripcion"  VARCHAR(500)  NOT NULL,
    "created_at"   TIMESTAMP,
    "updated_at"   TIMESTAMP,
    PRIMARY KEY ("id"),
    CONSTRAINT actividad_logs_user_id_foreign FOREIGN KEY ("user_id") REFERENCES "users" ("id") ON DELETE SET NULL
);
CREATE INDEX IF NOT EXISTS actividad_logs_entidad_tipo_entidad_id_index ON "actividad_logs" ("entidad_tipo", "entidad_id");
CREATE INDEX IF NOT EXISTS actividad_logs_created_at_index              ON "actividad_logs" ("created_at");

CREATE TABLE IF NOT EXISTS "jobs" (
    "id"           BIGSERIAL    NOT NULL,
    "queue"        VARCHAR(255) NOT NULL,
    "payload"      TEXT         NOT NULL,
    "attempts"     SMALLINT     NOT NULL,
    "reserved_at"  INTEGER,
    "available_at" INTEGER      NOT NULL,
    "created_at"   INTEGER      NOT NULL,
    PRIMARY KEY ("id")
);
CREATE INDEX IF NOT EXISTS jobs_queue_index ON "jobs" ("queue");

CREATE TABLE IF NOT EXISTS "job_batches" (
    "id"             VARCHAR(255) NOT NULL,
    "name"           VARCHAR(255) NOT NULL,
    "total_jobs"     INTEGER      NOT NULL,
    "pending_jobs"   INTEGER      NOT NULL,
    "failed_jobs"    INTEGER      NOT NULL,
    "failed_job_ids" TEXT         NOT NULL,
    "options"        TEXT,
    "cancelled_at"   INTEGER,
    "created_at"     INTEGER      NOT NULL,
    "finished_at"    INTEGER,
    PRIMARY KEY ("id")
);

CREATE TABLE IF NOT EXISTS "failed_jobs" (
    "id"         BIGSERIAL    NOT NULL,
    "uuid"       VARCHAR(255) NOT NULL,
    "connection" TEXT         NOT NULL,
    "queue"      TEXT         NOT NULL,
    "payload"    TEXT         NOT NULL,
    "exception"  TEXT         NOT NULL,
    "failed_at"  TIMESTAMP    NOT NULL DEFAULT CURRENT_TIMESTAMP,
    PRIMARY KEY ("id")
);
CREATE UNIQUE INDEX IF NOT EXISTS failed_jobs_uuid_unique ON "failed_jobs" ("uuid");

-- ────────── DATA ────────────────────────────────────────────────

-- users
INSERT INTO "users" ("id", "name", "email", "email_verified_at", "password", "role", "approved_at", "is_active", "rol", "activo", "remember_token", "created_at", "updated_at") VALUES
    (2, 'johan abad', 'johan12@gmail.com', NULL, '$2y$12$Dl09Zag2QaBqvjHwipQKL.WZdPrVjG.X4.t1A26nhNcwaNdqL/Yqa', 'user', NULL, true, 'superadmin', true, NULL, '2026-02-08 03:24:57', '2026-02-11 04:00:01'),
    (3, 'Julio Almerco', 'juliojauregui19@hotmail.com', NULL, '$2y$12$5eiFg1Z9TSngem50tBsCFOCD4zbhq2DjbpCt4L3BZIvIu9v2c8CM2', 'user', NULL, true, 'superadmin', true, 'SP7cUjFfzEz1YRDg7xxO2B6WaIGvlfbDC3AqtCyFTnzckmiffTtbV0VF5hgm', '2026-02-11 01:34:46', '2026-02-11 04:00:56'),
    (4, 'prueba1', 'asd@gmail.com', NULL, '$2y$12$c4CpvHHAYJb7HjoELoDJ3OSMgVn6nnmbZJvgoZd3DSpAsAJC2rzVy', 'user', NULL, true, 'superadmin', true, NULL, '2026-02-11 01:34:49', '2026-02-11 04:01:02'),
    (5, 'GIANFRANCO', 'Franco4@gmail.com', NULL, '$2y$12$StDHI/0t7p6F5Ix2Gek2sutQPIr7r1.78xmRh12OSski6eZXPHTh2', 'user', NULL, true, 'superadmin', true, NULL, '2026-02-11 02:28:30', '2026-02-11 03:59:56'),
    (6, 'ESTALIN HUAMALI', 'soporte@sekaitech.com.pe', NULL, '$2y$12$aS/GU2XJRND/mU3DqggfHONlgygs22.RRjb2RNSo7KXG3/lXgqIA2', 'user', NULL, true, 'superadmin', true, 'xSQkGabYkpLTJBVtyEPMOYJNNMfhQIxvGVOvjuJmUPo5LV1SJe7qytdYT0YX', '2026-02-25 03:22:33', '2026-02-25 03:23:04'),
    (7, 'yanet', 'yanet@kenya.com.pe', '2026-03-21 17:19:38', '$2y$12$3UYkrp6kpbWXQaM8Yt4AqeciVUly88o9q52h2iTfN41AuUDNKzi/q', 'admin', '2026-03-21 17:19:38', true, 'superadmin', true, NULL, '2026-03-21 17:19:38', '2026-03-21 22:32:48')
ON CONFLICT DO NOTHING;


-- clientes
INSERT INTO "clientes" ("id", "user_id", "nombre", "apellido", "cedula", "telefono", "email", "direccion", "notas", "estado", "created_at", "updated_at") VALUES
    (7, 2, 'WILSON', 'PARDAVE ALARCON', '22482218', '987654321', 'ejemplo@gmail.com', 'no hay', 'el cliente no tiene numero ni correo, tampoco sabemos su direccion', 'activo', '2026-02-10 23:39:37', '2026-02-10 23:39:37'),
    (8, 5, 'EDGAR GUILLEN', 'SILVA CARRANZA', '07477644', '00000000', NULL, 'AV. 14 DE AGOSTO 350', 'ALQUILER DE INMBUEBLE TIENDA DE ROPAS', 'activo', '2026-02-13 02:28:06', '2026-02-13 02:28:06'),
    (9, 5, 'JOSE LUIS', 'VARGAS TELLO', '40725469', '0000000', NULL, 'JR. HUALLAYCO Nº 1141', 'TIENDA DE INFORMATICA', 'activo', '2026-02-13 02:55:09', '2026-02-13 02:55:09')
ON CONFLICT DO NOTHING;

-- entidades
INSERT INTO "entidades" ("id", "user_id", "razon_social", "ruc", "tipo", "contacto_nombre", "contacto_telefono", "contacto_email", "direccion", "notas", "estado", "created_at", "updated_at") VALUES
    (2, 2, 'EPS SEDA HUANUCO S.A.', '20126850680', 'publica', 'ejemplo', '987654321', 'ejemplo@gmail.com', 'ejemplo', 'no tenemos datos todavia del contacto', 'activa', '2026-02-14 22:35:49', '2026-02-14 22:35:49'),
    (3, 5, 'EPS SEDA HUANUCO S.A.', '20126850680', 'publica', NULL, NULL, NULL, NULL, NULL, 'activa', '2026-02-18 21:26:39', '2026-02-18 21:26:39'),
    (4, 5, 'HOSPITAL REGIONAL HERMILIO VALDIZAN', '20146038329', 'publica', NULL, NULL, NULL, 'JR. HERMILIO VALDIZAN NRO. 950 HUANUCO - HUANUCO - HUANUCO', 'E001-198', 'activa', '2026-02-19 03:50:38', '2026-02-19 03:50:38'),
    (5, 5, 'RED DE SALUD YAROWILCA', '20608951106', 'publica', 'RED DE SALUD YAROWILCA', NULL, NULL, E'JR. SAN JUAN S/N HUANUCOYAROWILCA-\nCHAVINILLO', NULL, 'activa', '2026-03-22 02:45:59', '2026-03-22 02:45:59'),
    (6, 5, 'UNIDAD EJECUTORA 403 SALUD LEONCIO PRADO', '20489252601', 'publica', 'UNIDAD EJECUTORA 403 SALUD LEONCIO PRADO', NULL, NULL, NULL, NULL, 'activa', '2026-03-22 03:06:06', '2026-03-22 03:06:06'),
    (7, 5, 'UNIVERSIDAD NACIONAL AGRARIA DE LA SELVA', '20172356720', 'publica', NULL, NULL, NULL, 'CAR.CENTRAL KM. 1.21 (CERRETERA CENTRAL TINGO MARIA A HUANUCO) HUANUCO - LEONCIO PRADO - RUPA-RUPA', NULL, 'activa', '2026-03-22 03:52:40', '2026-03-22 03:52:40')
ON CONFLICT DO NOTHING;

-- inmuebles
INSERT INTO "inmuebles" ("id", "user_id", "nombre", "direccion", "tipo", "descripcion", "estado", "created_at", "updated_at") VALUES
    (1, 5, 'TIENDA GRUPO ALMERCO', 'JR. HUALLAYCO 1133 , 1145', 'casa', 'TIENDA DEL GRUPO ALMERCO', 'disponible', '2026-02-13 02:29:04', '2026-02-13 02:29:04')
ON CONFLICT DO NOTHING;

-- deudas
INSERT INTO "deudas" ("id", "tipo_deuda", "user_id", "cliente_id", "descripcion", "monto_total", "monto_pendiente", "currency_code", "tasa_interes", "fecha_inicio", "fecha_vencimiento", "estado", "frecuencia_pago", "numero_cuotas", "notas", "created_at", "updated_at") VALUES
    (11, 'particular', 2, 7, 'Compra de una laptop lenovo v15', 1470.00, 570.00, 'PEN', 0.00, '2026-02-07', '2026-05-07', 'activa', 'mensual', 3, 'El cliente realizo un pago de 300 anticipado', '2026-02-10 23:41:37', '2026-03-22 01:15:06'),
    (15, 'alquiler', 5, 8, 'TIENDA DE ROPA', 9600.00, 6400.00, 'PEN', 0.00, '2026-01-01', '2026-06-30', 'activa', 'mensual', NULL, 'AGUA Y LUZ PAGA APARTE', '2026-02-13 02:38:08', '2026-03-21 20:20:43'),
    (16, 'particular', 5, 8, 'AGUA, LUZ Y OTROS GASTOS', 505.00, 455.00, 'PEN', 0.00, '2026-02-12', '2026-03-31', 'activa', 'mensual', 2, 'PENDIENTE DE PAGO', '2026-02-13 02:39:52', '2026-03-22 01:19:04'),
    (17, 'alquiler', 5, 9, 'TIENDA DE INFORMATICA', 9600.00, 8000.00, 'PEN', 0.00, '2026-01-01', '2026-06-30', 'activa', 'mensual', NULL, 'SOLO SE COBRA DEL AGUA', '2026-02-13 02:55:54', '2026-02-17 02:56:48'),
    (20, 'entidad', 5, NULL, 'FH01-63', 85.00, 0.00, 'PEN', 0.00, '2026-02-18', '2026-02-23', 'pagada', 'unico', NULL, 'PAGADA', '2026-02-18 21:28:01', '2026-03-22 01:17:48'),
    (23, 'entidad', 5, NULL, 'E001-198', 9251.00, 0.00, 'PEN', 0.00, '2026-02-09', '2026-02-28', 'pagada', 'unico', NULL, 'PRUEBA', '2026-02-19 04:48:47', '2026-03-08 04:41:45'),
    (24, 'entidad', 5, NULL, 'E001-693', 330.00, 0.00, 'PEN', 0.00, '2026-02-10', '2026-02-28', 'pagada', 'unico', NULL, NULL, '2026-03-10 02:55:00', '2026-03-10 02:55:15'),
    (26, 'entidad', 5, NULL, 'E001-76', 4590.00, 4590.00, 'PEN', 0.00, '2026-02-27', '2026-03-31', 'activa', 'unico', NULL, NULL, '2026-03-22 02:35:41', '2026-03-22 02:35:41'),
    (27, 'entidad', 5, NULL, 'FH01-80', 865.00, 865.00, 'PEN', 0.00, '2026-02-27', '2026-04-10', 'activa', 'unico', NULL, NULL, '2026-03-22 02:40:12', '2026-03-22 02:40:12'),
    (28, 'entidad', 5, NULL, 'E001-199', 38079.92, 38079.92, 'PEN', 0.00, '2026-02-26', '2026-04-10', 'activa', 'unico', NULL, NULL, '2026-03-22 02:49:54', '2026-03-22 02:49:54'),
    (29, 'entidad', 5, NULL, 'E001-200', 338.00, 338.00, 'PEN', 0.00, '2026-03-11', '2026-04-13', 'activa', 'unico', NULL, NULL, '2026-03-22 02:52:43', '2026-03-22 02:52:43'),
    (30, 'entidad', 5, NULL, 'E001-201', 2384.00, 2384.00, 'PEN', 0.00, '2026-03-17', '2026-04-20', 'activa', 'unico', NULL, NULL, '2026-03-22 02:55:17', '2026-03-22 02:55:17'),
    (31, 'entidad', 5, NULL, 'E001-202', 1788.00, 1788.00, 'PEN', 0.00, '2026-03-17', '2026-04-20', 'activa', 'unico', NULL, NULL, '2026-03-22 02:57:56', '2026-03-22 02:57:56'),
    (32, 'entidad', 5, NULL, 'E001-74', 380.00, 0.00, 'PEN', 0.00, '2025-12-11', '2026-02-10', 'pagada', 'unico', NULL, NULL, '2026-03-22 03:29:14', '2026-03-22 03:29:38'),
    (33, 'entidad', 5, NULL, 'E001-79', 135.00, 135.00, 'PEN', 0.00, '2026-03-17', '2026-04-10', 'activa', 'unico', NULL, NULL, '2026-03-22 03:36:08', '2026-03-22 03:36:08'),
    (34, 'entidad', 5, NULL, 'E001-80', 675.00, 675.00, 'PEN', 0.00, '2026-03-17', '2026-04-10', 'activa', 'unico', NULL, NULL, '2026-03-22 03:45:57', '2026-03-22 03:45:57'),
    (35, 'entidad', 5, NULL, 'E001-78', 22100.00, 22100.00, 'PEN', 0.00, '2026-03-05', '2026-04-10', 'activa', 'unico', NULL, NULL, '2026-03-22 03:54:23', '2026-03-22 03:54:23')
ON CONFLICT DO NOTHING;

-- deuda_alquileres
INSERT INTO "deuda_alquileres" ("id", "deuda_id", "inmueble_id", "monto_mensual", "periodicidad", "fecha_inicio_contrato", "fecha_corte", "servicios_incluidos", "created_at", "updated_at") VALUES
    (2, 15, 1, 9600.00, 'mensual', '2026-01-01', '2026-06-30', '[]', '2026-02-13 02:38:08', '2026-02-13 02:38:08'),
    (3, 17, 1, 9600.00, 'mensual', '2026-01-01', '2026-06-30', '[]', '2026-02-13 02:55:54', '2026-02-13 02:55:54')
ON CONFLICT DO NOTHING;

-- deuda_entidades
INSERT INTO "deuda_entidades" ("id", "deuda_id", "entidad_id", "orden_compra", "fecha_emision", "producto_servicio", "codigo_siaf", "estado_siaf", "fase_siaf", "estado_expediente", "fecha_proceso", "fecha_limite_pago", "estado_seguimiento", "empresa_factura", "unidad_ejecutora", "cerrado", "created_at", "updated_at") VALUES
    (5, 20, 3, '0', '2026-02-18', 'ESTABILIZADOR DE VOLTAJE Y TOMACORRIENTE', NULL, NULL, NULL, NULL, NULL, '2026-02-23', 'emitido', NULL, NULL, false, '2026-02-18 21:28:01', '2026-02-18 21:28:01'),
    (8, 23, 4, '72', '2026-02-09', 'TAMBOR DE IMAGEN Y TONER DE IMPRESIÓN', '455', 'G', 'G', 'A', '2026-02-20 00:00:00', '2026-02-28', 'emitido', 'ROJAS VILLANUEVA JORGE LUIS', '812', false, '2026-02-19 04:48:47', '2026-03-22 02:36:19'),
    (9, 24, 4, '88', '2026-02-10', 'BOLIGRAFO LAPICERO', '476', 'G', 'G', 'F', '2026-02-24 00:00:00', '2026-02-28', 'emitido', 'DISTRIBUIDORA PLAZA CENTRO EIRL', '812', false, '2026-03-10 02:55:00', '2026-03-10 02:55:39'),
    (11, 26, 4, 'O/C 169', '2026-02-27', 'IMPRESORA MULTIFUNCIONAL EPSON L15150', '731', 'D', 'C', 'A', '2026-02-27 00:00:00', '2026-03-31', 'emitido', 'SEKAI TECH S.C.R.L.', '812', false, '2026-03-22 02:35:41', '2026-03-24 21:25:27'),
    (12, 27, 4, 'O/C 170', '2026-02-27', 'BOLIGRAFO DE TINTA LIQUIDA COLOR AZUL FABER - CASTELL Y TONER DE IMPRESION HP W1330X NEGRO', '732', 'C', 'C', 'A', '2026-02-27 00:00:00', '2026-04-10', 'emitido', 'SEKAI TECH S.C.R.L.', '812', false, '2026-03-22 02:40:12', '2026-03-22 02:40:38'),
    (13, 28, 5, 'O/C 2', '2026-02-26', '7 MONITORES Y 7 COMPUTADORAS KENYA TECHNOLOGY', '51', 'G', 'D', 'F', '2026-03-19 00:00:00', '2026-04-10', 'emitido', 'ROJAS VILLANUEVA JORGE LUIS', '1740', false, '2026-03-22 02:49:54', '2026-03-24 21:42:36'),
    (14, 29, 4, 'O/C 238', '2026-03-11', 'TAMBOR DE IMAGEN HP W1332A NEGRO - TOP JET', '883', 'C', 'C', 'A', '2026-03-11 00:00:00', '2026-04-13', 'emitido', 'ROJAS VILLANUEVA JORGE LUIS', '812', false, '2026-03-22 02:52:43', '2026-03-22 02:52:43'),
    (15, 30, 4, 'O/C 262', '2026-03-17', 'TONER IMPRESION PARA HP COD. REF. W1330 X NEGRO TOP JET', '1027', 'C', 'C', 'A', '2026-03-17 00:00:00', '2026-04-20', 'emitido', 'ROJAS VILLANUEVA JORGE LUIS', '812', false, '2026-03-22 02:55:17', '2026-03-22 02:55:17'),
    (16, 31, 4, 'O/C 263', '2026-03-17', 'TONER DE IMPRESION PARA HP W1330X NEGRO - TOP JET', '1026', 'C', 'C', 'A', '2026-03-17 00:00:00', '2026-04-20', 'emitido', 'ROJAS VILLANUEVA JORGE LUIS', '812', false, '2026-03-22 02:57:56', '2026-03-22 02:57:56'),
    (17, 32, 6, 'O/C 450', '2025-12-11', 'DISCO SOLIDO MARCA KINGSTON Y MOUSE OPTICO', '4670', 'G', 'G', 'F', '2026-01-19 00:00:00', '2026-02-10', 'pagado', 'SEKAI TECH S.C.R.L.', '1110', true, '2026-03-22 03:29:14', '2026-03-22 03:29:38'),
    (18, 33, 4, 'O/C 264', '2026-03-17', 'TINTA DE IMPRESION PARA EPSON 544 NEGRO', '1023', 'C', 'C', 'A', '2026-03-17 00:00:00', '2026-04-10', 'emitido', 'SEKAI TECH S.C.R.L.', '812', false, '2026-03-22 03:36:08', '2026-03-22 03:36:08'),
    (19, 34, 4, 'O/C 265', '2026-03-17', 'TINTAS PARA IMPRESORA EPSON 544 CYAN, MAGENTA Y AMARILLO', '1024', 'C', 'C', 'A', '2026-03-17 00:00:00', '2026-04-10', 'emitido', 'SEKAI TECH S.C.R.L.', '812', false, '2026-03-22 03:45:57', '2026-03-22 03:45:57'),
    (20, 35, 7, 'O/C 21', '2026-03-05', 'PUNTERO LASER INALAMBRICO PRESENTADOR DE DIAPOSITIVAS', '673', 'C', 'C', 'A', '2026-03-05 00:00:00', '2026-04-10', 'emitido', 'GRUPO ALMERCO EIRL', '104', false, '2026-03-22 03:54:23', '2026-03-22 03:54:23')
ON CONFLICT DO NOTHING;

-- deuda_historial
INSERT INTO "deuda_historial" ("id", "deuda_id", "user_id", "evento", "datos_anteriores", "datos_nuevos", "descripcion", "created_at", "updated_at") VALUES
    (12, 15, 5, 'creacion', NULL, '{"user_id":5,"tipo_deuda":"alquiler","cliente_id":"8","descripcion":"TIENDA DE ROPA","monto_total":"9600.00","monto_pendiente":"9600.00","tasa_interes":"0.00","fecha_inicio":"2026-01-01T00:00:00.000000Z","fecha_vencimiento":"2026-06-30T00:00:00.000000Z","frecuencia_pago":"mensual","notas":"AGUA Y LUZ PAGA APARTE","updated_at":"2026-02-12T21:38:08.000000Z","created_at":"2026-02-12T21:38:08.000000Z","id":15}', 'Deuda creada: TIENDA DE ROPA', '2026-02-13 02:38:08', '2026-02-13 02:38:08'),
    (13, 16, 5, 'creacion', NULL, '{"user_id":5,"tipo_deuda":"particular","cliente_id":"8","descripcion":"AGUA, LUZ Y OTROS GASTOS","monto_total":"505.00","monto_pendiente":"505.00","tasa_interes":"0.00","fecha_inicio":"2026-02-12T00:00:00.000000Z","fecha_vencimiento":"2026-03-31T00:00:00.000000Z","frecuencia_pago":"mensual","numero_cuotas":"2","notas":"PENDIENTE DE PAGO","updated_at":"2026-02-12T21:39:52.000000Z","created_at":"2026-02-12T21:39:52.000000Z","id":16}', 'Deuda creada: AGUA, LUZ Y OTROS GASTOS', '2026-02-13 02:39:52', '2026-02-13 02:39:52'),
    (14, 17, 5, 'creacion', NULL, '{"user_id":5,"tipo_deuda":"alquiler","cliente_id":"9","descripcion":"TIENDA DE INFORMATICA","monto_total":"9600.00","monto_pendiente":"9600.00","tasa_interes":"0.00","fecha_inicio":"2026-01-01T00:00:00.000000Z","fecha_vencimiento":"2026-06-30T00:00:00.000000Z","frecuencia_pago":"mensual","notas":"SOLO SE COBRA DEL AGUA","updated_at":"2026-02-12T21:55:54.000000Z","created_at":"2026-02-12T21:55:54.000000Z","id":17}', 'Deuda creada: TIENDA DE INFORMATICA', '2026-02-13 02:55:55', '2026-02-13 02:55:55'),
    (17, 20, 5, 'creacion', NULL, '{"user_id":5,"tipo_deuda":"entidad","cliente_id":null,"descripcion":"FH01-63","monto_total":"85.00","monto_pendiente":"85.00","tasa_interes":"0.00","fecha_inicio":"2026-02-18T00:00:00.000000Z","fecha_vencimiento":"2026-02-23T00:00:00.000000Z","frecuencia_pago":"unico","notas":"PENDIENTE DE PAGO","currency_code":"PEN","updated_at":"2026-02-18T16:28:01.000000Z","created_at":"2026-02-18T16:28:01.000000Z","id":20}', 'Deuda creada: FH01-63', '2026-02-18 21:28:01', '2026-02-18 21:28:01'),
    (20, 23, 5, 'creacion', NULL, '{"user_id":5,"tipo_deuda":"entidad","cliente_id":null,"descripcion":"E001-198","monto_total":"9251.00","monto_pendiente":"9251.00","tasa_interes":"0.00","fecha_inicio":"2026-02-09T00:00:00.000000Z","fecha_vencimiento":"2026-02-28T00:00:00.000000Z","frecuencia_pago":"unico","notas":null,"currency_code":"PEN","updated_at":"2026-02-18T23:48:47.000000Z","created_at":"2026-02-18T23:48:47.000000Z","id":23}', 'Deuda creada: E001-198', '2026-02-19 04:48:47', '2026-02-19 04:48:47'),
    (21, 23, 2, 'actualizacion', '{"notas":null,"updated_at":"2026-02-18T23:48:47.000000Z"}', '{"notas":"PRUEBA","updated_at":"2026-03-07 21:36:13"}', 'Deuda actualizada: E001-198', '2026-03-08 02:36:13', '2026-03-08 02:36:13'),
    (22, 23, 5, 'actualizacion', '{"estado":"activa","updated_at":"2026-03-07T21:36:13.000000Z"}', '{"estado":"pagada","updated_at":"2026-03-07 21:37:22"}', 'Deuda actualizada: E001-198', '2026-03-08 02:37:22', '2026-03-08 02:37:22'),
    (23, 20, 5, 'actualizacion', '{"estado":"activa","notas":"PENDIENTE DE PAGO","updated_at":"2026-02-18T16:28:01.000000Z"}', '{"estado":"pagada","notas":"PAGADA","updated_at":"2026-03-07 21:37:54"}', 'Deuda actualizada: FH01-63', '2026-03-08 02:37:54', '2026-03-08 02:37:54'),
    (24, 23, 2, 'actualizacion', '{"estado":"pagada","updated_at":"2026-03-07T21:37:22.000000Z"}', '{"estado":"activa","updated_at":"2026-03-07 23:41:37"}', 'Deuda actualizada: E001-198', '2026-03-08 04:41:37', '2026-03-08 04:41:37'),
    (25, 23, 2, 'actualizacion', '{"monto_pendiente":"9251.00","estado":"activa","updated_at":"2026-03-07T23:41:37.000000Z"}', '{"monto_pendiente":0,"estado":"pagada","updated_at":"2026-03-07 23:41:45"}', 'Deuda actualizada: E001-198', '2026-03-08 04:41:45', '2026-03-08 04:41:45'),
    (26, 24, 5, 'creacion', NULL, '{"user_id":5,"tipo_deuda":"entidad","cliente_id":null,"descripcion":"E001-693","monto_total":"330.00","monto_pendiente":"330.00","tasa_interes":"0.00","fecha_inicio":"2026-02-10T00:00:00.000000Z","fecha_vencimiento":"2026-02-28T00:00:00.000000Z","frecuencia_pago":"unico","notas":null,"currency_code":"PEN","updated_at":"2026-03-09T21:55:00.000000Z","created_at":"2026-03-09T21:55:00.000000Z","id":24}', 'Deuda creada: E001-693', '2026-03-10 02:55:00', '2026-03-10 02:55:00'),
    (27, 24, 5, 'actualizacion', '{"monto_pendiente":"330.00","estado":"activa","updated_at":"2026-03-09T21:55:00.000000Z"}', '{"monto_pendiente":0,"estado":"pagada","updated_at":"2026-03-09 21:55:15"}', 'Deuda actualizada: E001-693', '2026-03-10 02:55:15', '2026-03-10 02:55:15'),
    (28, 24, 5, 'actualizacion', '[]', '[]', 'Deuda actualizada: E001-693', '2026-03-10 02:55:39', '2026-03-10 02:55:39'),
    (29, 20, 5, 'actualizacion', '{"monto_pendiente":"85.00","updated_at":"2026-03-07T21:37:54.000000Z"}', '{"monto_pendiente":0,"updated_at":"2026-03-21 20:17:48"}', 'Deuda actualizada: FH01-63', '2026-03-22 01:17:48', '2026-03-22 01:17:48'),
    (31, 26, 5, 'creacion', NULL, '{"user_id":5,"tipo_deuda":"entidad","cliente_id":null,"descripcion":"E001-76","monto_total":"4590.00","monto_pendiente":"4590.00","tasa_interes":"0.00","fecha_inicio":"2026-02-27T00:00:00.000000Z","fecha_vencimiento":"2026-03-31T00:00:00.000000Z","frecuencia_pago":"unico","notas":null,"currency_code":"PEN","updated_at":"2026-03-21T21:35:41.000000Z","created_at":"2026-03-21T21:35:41.000000Z","id":26}', 'Deuda creada: E001-76', '2026-03-22 02:35:41', '2026-03-22 02:35:41'),
    (32, 23, 5, 'actualizacion', '[]', '[]', 'Deuda actualizada: E001-198', '2026-03-22 02:36:19', '2026-03-22 02:36:19'),
    (33, 27, 5, 'creacion', NULL, '{"user_id":5,"tipo_deuda":"entidad","cliente_id":null,"descripcion":"FH01-80","monto_total":"865.00","monto_pendiente":"865.00","tasa_interes":"0.00","fecha_inicio":"2026-02-27T00:00:00.000000Z","fecha_vencimiento":"2026-04-10T00:00:00.000000Z","frecuencia_pago":"unico","notas":null,"currency_code":"PEN","updated_at":"2026-03-21T21:40:12.000000Z","created_at":"2026-03-21T21:40:12.000000Z","id":27}', 'Deuda creada: FH01-80', '2026-03-22 02:40:12', '2026-03-22 02:40:12'),
    (34, 27, 5, 'actualizacion', '[]', '[]', 'Deuda actualizada: FH01-80', '2026-03-22 02:40:38', '2026-03-22 02:40:38'),
    (35, 26, 5, 'actualizacion', '[]', '[]', 'Deuda actualizada: E001-76', '2026-03-22 02:41:03', '2026-03-22 02:41:03'),
    (36, 28, 5, 'creacion', NULL, '{"user_id":5,"tipo_deuda":"entidad","cliente_id":null,"descripcion":"E001-199","monto_total":"38079.92","monto_pendiente":"38079.92","tasa_interes":"0.00","fecha_inicio":"2026-02-26T00:00:00.000000Z","fecha_vencimiento":"2026-04-10T00:00:00.000000Z","frecuencia_pago":"unico","notas":null,"currency_code":"PEN","updated_at":"2026-03-21T21:49:54.000000Z","created_at":"2026-03-21T21:49:54.000000Z","id":28}', 'Deuda creada: E001-199', '2026-03-22 02:49:54', '2026-03-22 02:49:54'),
    (37, 29, 5, 'creacion', NULL, '{"user_id":5,"tipo_deuda":"entidad","cliente_id":null,"descripcion":"E001-200","monto_total":"338.00","monto_pendiente":"338.00","tasa_interes":"0.00","fecha_inicio":"2026-03-11T00:00:00.000000Z","fecha_vencimiento":"2026-04-13T00:00:00.000000Z","frecuencia_pago":"unico","notas":null,"currency_code":"PEN","updated_at":"2026-03-21T21:52:43.000000Z","created_at":"2026-03-21T21:52:43.000000Z","id":29}', 'Deuda creada: E001-200', '2026-03-22 02:52:43', '2026-03-22 02:52:43'),
    (38, 30, 5, 'creacion', NULL, '{"user_id":5,"tipo_deuda":"entidad","cliente_id":null,"descripcion":"E001-201","monto_total":"2384.00","monto_pendiente":"2384.00","tasa_interes":"0.00","fecha_inicio":"2026-03-17T00:00:00.000000Z","fecha_vencimiento":"2026-04-20T00:00:00.000000Z","frecuencia_pago":"unico","notas":null,"currency_code":"PEN","updated_at":"2026-03-21T21:55:17.000000Z","created_at":"2026-03-21T21:55:17.000000Z","id":30}', 'Deuda creada: E001-201', '2026-03-22 02:55:17', '2026-03-22 02:55:17'),
    (39, 31, 5, 'creacion', NULL, '{"user_id":5,"tipo_deuda":"entidad","cliente_id":null,"descripcion":"E001-202","monto_total":"1788.00","monto_pendiente":"1788.00","tasa_interes":"0.00","fecha_inicio":"2026-03-17T00:00:00.000000Z","fecha_vencimiento":"2026-04-20T00:00:00.000000Z","frecuencia_pago":"unico","notas":null,"currency_code":"PEN","updated_at":"2026-03-21T21:57:56.000000Z","created_at":"2026-03-21T21:57:56.000000Z","id":31}', 'Deuda creada: E001-202', '2026-03-22 02:57:56', '2026-03-22 02:57:56'),
    (40, 32, 5, 'creacion', NULL, '{"user_id":5,"tipo_deuda":"entidad","cliente_id":null,"descripcion":"E001-74","monto_total":"380.00","monto_pendiente":"380.00","tasa_interes":"0.00","fecha_inicio":"2025-12-11T00:00:00.000000Z","fecha_vencimiento":"2026-02-10T00:00:00.000000Z","frecuencia_pago":"unico","notas":null,"currency_code":"PEN","updated_at":"2026-03-21T22:29:14.000000Z","created_at":"2026-03-21T22:29:14.000000Z","id":32}', 'Deuda creada: E001-74', '2026-03-22 03:29:14', '2026-03-22 03:29:14'),
    (41, 32, 5, 'cambio_seguimiento', '{"estado_seguimiento":"emitido"}', '{"estado_seguimiento":"pagado"}', 'Seguimiento: emitido -> pagado', '2026-03-22 03:29:38', '2026-03-22 03:29:38'),
    (42, 33, 5, 'creacion', NULL, '{"user_id":5,"tipo_deuda":"entidad","cliente_id":null,"descripcion":"E001-79","monto_total":"135.00","monto_pendiente":"135.00","tasa_interes":"0.00","fecha_inicio":"2026-03-17T00:00:00.000000Z","fecha_vencimiento":"2026-04-10T00:00:00.000000Z","frecuencia_pago":"unico","notas":null,"currency_code":"PEN","updated_at":"2026-03-21T22:36:08.000000Z","created_at":"2026-03-21T22:36:08.000000Z","id":33}', 'Deuda creada: E001-79', '2026-03-22 03:36:08', '2026-03-22 03:36:08'),
    (43, 34, 5, 'creacion', NULL, '{"user_id":5,"tipo_deuda":"entidad","cliente_id":null,"descripcion":"E001-80","monto_total":"675.00","monto_pendiente":"675.00","tasa_interes":"0.00","fecha_inicio":"2026-03-17T00:00:00.000000Z","fecha_vencimiento":"2026-04-10T00:00:00.000000Z","frecuencia_pago":"unico","notas":null,"currency_code":"PEN","updated_at":"2026-03-21T22:45:57.000000Z","created_at":"2026-03-21T22:45:57.000000Z","id":34}', 'Deuda creada: E001-80', '2026-03-22 03:45:57', '2026-03-22 03:45:57'),
    (44, 35, 5, 'creacion', NULL, '{"user_id":5,"tipo_deuda":"entidad","cliente_id":null,"descripcion":"E001-78","monto_total":"22100.00","monto_pendiente":"22100.00","tasa_interes":"0.00","fecha_inicio":"2026-03-05T00:00:00.000000Z","fecha_vencimiento":"2026-04-10T00:00:00.000000Z","frecuencia_pago":"unico","notas":null,"currency_code":"PEN","updated_at":"2026-03-21T22:54:23.000000Z","created_at":"2026-03-21T22:54:23.000000Z","id":35}', 'Deuda creada: E001-78', '2026-03-22 03:54:23', '2026-03-22 03:54:23'),
    (45, 28, 5, 'actualizacion', '[]', '[]', 'Deuda actualizada: E001-199', '2026-03-23 20:09:09', '2026-03-23 20:09:09'),
    (46, 26, 5, 'actualizacion', '[]', '[]', 'Deuda actualizada: E001-76', '2026-03-24 21:25:27', '2026-03-24 21:25:27'),
    (47, 28, 5, 'actualizacion', '[]', '[]', 'Deuda actualizada: E001-199', '2026-03-24 21:42:36', '2026-03-24 21:42:36')
ON CONFLICT DO NOTHING;

-- movimientos
INSERT INTO "movimientos" ("id", "user_id", "tipo", "referencia_tipo", "referencia_id", "monto", "descripcion", "created_at", "updated_at") VALUES
    (25, 2, 'prestamo_otorgado', 'deuda', 11, 1470.00, 'Prestamo otorgado a WILSON PARDAVE ALARCON: Compra de una laptop lenovo v15', '2026-02-10 23:41:37', '2026-02-10 23:41:37'),
    (26, 2, 'pago_recibido', 'pago', 15, 300.00, 'Pago recibido de WILSON PARDAVE ALARCON - Compra de una laptop lenovo v15', '2026-02-10 23:42:56', '2026-02-10 23:42:56'),
    (31, 5, 'prestamo_otorgado', 'deuda', 14, 1600.00, 'Alquiler registrado: TIENDA DE ROPA', '2026-02-13 02:29:42', '2026-02-13 02:29:42'),
    (33, 5, 'prestamo_otorgado', 'deuda', 15, 9600.00, 'Alquiler registrado: TIENDA DE ROPA', '2026-02-13 02:38:08', '2026-02-13 02:38:08'),
    (34, 5, 'pago_recibido', 'pago', 17, 1600.00, 'Pago recibido de EDGAR GUILLEN SILVA CARRANZA - TIENDA DE ROPA', '2026-02-13 02:38:33', '2026-02-13 02:38:33'),
    (35, 5, 'prestamo_otorgado', 'deuda', 16, 505.00, 'Prestamo otorgado a EDGAR GUILLEN SILVA CARRANZA: AGUA, LUZ Y OTROS GASTOS', '2026-02-13 02:39:52', '2026-02-13 02:39:52'),
    (36, 5, 'prestamo_otorgado', 'deuda', 17, 9600.00, 'Alquiler registrado: TIENDA DE INFORMATICA', '2026-02-13 02:55:55', '2026-02-13 02:55:55'),
    (38, 5, 'pago_recibido', 'pago', 18, 1600.00, 'Pago recibido de JOSE LUIS VARGAS TELLO - TIENDA DE INFORMATICA', '2026-02-17 02:56:48', '2026-02-17 02:56:48'),
    (40, 5, 'pago_recibido', 'pago', 19, 300.00, 'Pago recibido de WILSON PARDAVE ALARCON - Compra de una laptop lenovo v15', '2026-02-18 04:43:37', '2026-02-18 04:43:37'),
    (41, 5, 'prestamo_otorgado', 'deuda', 20, 85.00, 'Deuda con entidad EPS SEDA HUANUCO S.A.: ESTABILIZADOR DE VOLTAJE Y TOMACORRIENTE', '2026-02-18 21:28:01', '2026-02-18 21:28:01'),
    (44, 5, 'prestamo_otorgado', 'deuda', 23, 9251.00, 'Deuda con entidad HOSPITAL REGIONAL HERMILIO VALDIZAN: TAMBOR DE IMAGEN Y TONER DE IMPRESIÓN', '2026-02-19 04:48:47', '2026-02-19 04:48:47'),
    (45, 5, 'pago_recibido', 'pago', 20, 1200.00, 'Pago recibido de EDGAR GUILLEN SILVA CARRANZA - TIENDA DE ROPA', '2026-03-10 02:52:07', '2026-03-10 02:52:07'),
    (46, 5, 'prestamo_otorgado', 'deuda', 24, 330.00, 'Deuda con entidad HOSPITAL REGIONAL HERMILIO VALDIZAN: BOLIGRAFO LAPICERO', '2026-03-10 02:55:00', '2026-03-10 02:55:00'),
    (47, 5, 'pago_recibido', 'pago', 21, 400.00, 'Pago recibido de EDGAR GUILLEN SILVA CARRANZA - TIENDA DE ROPA', '2026-03-21 20:20:43', '2026-03-21 20:20:43'),
    (48, 5, 'pago_recibido', 'pago', 22, 300.00, 'Pago recibido de WILSON PARDAVE ALARCON - Compra de una laptop lenovo v15', '2026-03-22 01:15:06', '2026-03-22 01:15:06'),
    (49, 5, 'pago_recibido', 'pago', 23, 50.00, 'Pago recibido de EDGAR GUILLEN SILVA CARRANZA - AGUA, LUZ Y OTROS GASTOS', '2026-03-22 01:19:04', '2026-03-22 01:19:04'),
    (51, 5, 'prestamo_otorgado', 'deuda', 26, 4590.00, 'Deuda con entidad HOSPITAL REGIONAL HERMILIO VALDIZAN: IMPRESORA MULTIFUNCIONAL EPSON L15150', '2026-03-22 02:35:41', '2026-03-22 02:35:41'),
    (52, 5, 'prestamo_otorgado', 'deuda', 27, 865.00, 'Deuda con entidad HOSPITAL REGIONAL HERMILIO VALDIZAN: BOLIGRAFO DE TINTA LIQUIDA COLOR AZUL FABER - CASTELL Y TONER DE IMPRESION HP W1330X NEGRO', '2026-03-22 02:40:12', '2026-03-22 02:40:12'),
    (53, 5, 'prestamo_otorgado', 'deuda', 28, 38079.92, 'Deuda con entidad RED DE SALUD YAROWILCA: 7 MONITORES Y 7 COMPUTADORAS KENYA TECHNOLOGY', '2026-03-22 02:49:54', '2026-03-22 02:49:54'),
    (54, 5, 'prestamo_otorgado', 'deuda', 29, 338.00, 'Deuda con entidad HOSPITAL REGIONAL HERMILIO VALDIZAN: TAMBOR DE IMAGEN HP W1332A NEGRO - TOP JET', '2026-03-22 02:52:43', '2026-03-22 02:52:43'),
    (55, 5, 'prestamo_otorgado', 'deuda', 30, 2384.00, 'Deuda con entidad HOSPITAL REGIONAL HERMILIO VALDIZAN: TONER IMPRESION PARA HP COD. REF. W1330 X NEGRO TOP JET', '2026-03-22 02:55:17', '2026-03-22 02:55:17'),
    (56, 5, 'prestamo_otorgado', 'deuda', 31, 1788.00, 'Deuda con entidad HOSPITAL REGIONAL HERMILIO VALDIZAN: TONER DE IMPRESION PARA HP W1330X NEGRO - TOP JET', '2026-03-22 02:57:56', '2026-03-22 02:57:56'),
    (57, 5, 'prestamo_otorgado', 'deuda', 32, 380.00, 'Deuda con entidad UNIDAD EJECUTORA 403 SALUD LEONCIO PRADO: DISCO SOLIDO MARCA KINGSTON Y MOUSE OPTICO', '2026-03-22 03:29:14', '2026-03-22 03:29:14'),
    (58, 5, 'prestamo_otorgado', 'deuda', 33, 135.00, 'Deuda con entidad HOSPITAL REGIONAL HERMILIO VALDIZAN: TINTA DE IMPRESION PARA EPSON 544 NEGRO', '2026-03-22 03:36:08', '2026-03-22 03:36:08'),
    (59, 5, 'prestamo_otorgado', 'deuda', 34, 675.00, 'Deuda con entidad HOSPITAL REGIONAL HERMILIO VALDIZAN: TINTAS PARA IMPRESORA EPSON 544 CYAN, MAGENTA Y AMARILLO', '2026-03-22 03:45:57', '2026-03-22 03:45:57'),
    (60, 5, 'prestamo_otorgado', 'deuda', 35, 22100.00, 'Deuda con entidad UNIVERSIDAD NACIONAL AGRARIA DE LA SELVA: PUNTERO LASER INALAMBRICO PRESENTADOR DE DIAPOSITIVAS', '2026-03-22 03:54:23', '2026-03-22 03:54:23')
ON CONFLICT DO NOTHING;


-- ordenes_compra
INSERT INTO "ordenes_compra" ("id", "user_id", "deuda_id", "numero_oc", "cliente", "empresa_factura", "entidad_recibe", "fecha_oc", "fecha_entrega", "estado", "total_oc", "currency_code", "notas", "created_at", "updated_at") VALUES
    (4, 7, 28, 'OC-02', 'E001-199', 'Jorge Luis Rojas Villanueva', 'Red Salud Yarowilca', '2026-02-26', '2026-03-12', 'entregado', 38079.92, 'PEN', NULL, '2026-03-28 19:50:44', '2026-03-28 19:50:44')
ON CONFLICT DO NOTHING;

-- gastos_oc
INSERT INTO "gastos_oc" ("id", "orden_compra_id", "tipo_gasto", "cantidad", "descripcion", "monto", "fecha", "created_at", "updated_at") VALUES
    (5, 4, 'compra_producto', 1, 'CAJA TECLADO KENYA EZENT TE-1035S', 70.00, '2026-03-09', '2026-03-28 19:58:32', '2026-03-28 20:18:09'),
    (6, 4, 'compra_producto', 1, 'CAJA MONITOR 27" KENYA RAITO', 70.50, '2026-03-09', '2026-03-28 20:00:22', '2026-03-28 20:18:46'),
    (7, 4, 'compra_producto', 1, 'COMBO TECLADO Y MOUSE - LOGITECH - MK120 - COMBO TECLADO Y MOUSE CABLEADO USB, DISEÑO ESCRITORIO, ESPAÑOL, COLOR NEGRO, MODELO 920-004428 - KENYA', 457.59, '2026-03-09', '2026-03-28 20:06:46', '2026-03-28 20:20:03'),
    (8, 4, 'compra_producto', 1, '-MONITOR PLANO GAMING KENYA G275L E14 , 27" FHD IPS, 144 HZ, 1 MS, HDMI, DP, COLOR NEGRO', 2898.00, '2026-03-09', '2026-03-28 20:17:20', '2026-03-28 20:17:20'),
    (9, 4, 'compra_producto', 1, 'CASE - TEROS - TE1035S - GABINETE MINI TOWER ATX, FUENTE DE 250W, PUERTOS USB 3.0 / 2.0, AUDIO HD, COLOR NEGRO, PERFIL COMPACTO - SIN N/P', 525.00, '2026-03-09', '2026-03-28 20:23:11', '2026-03-28 20:23:11'),
    (10, 4, 'compra_producto', 1, 'MEMORIA RAM - KINGSTON - HYPERX FURY HX432C16FB4/16 - 16GB DDR4-3200MHZ, DIMM, CL16, 1.35V, NON-ECC, XMP 2.0, DISIPADOR - HX432C16FB4/16', 349.00, '2026-03-09', '2026-03-28 20:33:48', '2026-03-28 20:34:35'),
    (11, 4, 'compra_producto', 1, 'MEMORIA RAM - KINGSTON - HYPERX PREDATOR RGB HX432C16PB3A/16 - 16GB DDR4-3200MHZ, UDIMM, CL16, 1.35V, ILUMINACIÓN RGB, XMP, NEGRO - HX432C16PB3A/16', 329.00, '2026-03-09', '2026-03-28 20:35:17', '2026-03-28 20:35:17'),
    (12, 4, 'compra_producto', 1, 'MEMORIA RAM - KINGSTON - KVR32N22D8/16WP - 16GB DDR4-3200MT/S, UDIMM, CL22, 1.2V, 2RX8, 288-PIN, NON-ECC, WHITE PCB - KVR32N22D8/16WP', 1589.20, '2026-03-09', '2026-03-28 20:37:04', '2026-03-28 20:37:04'),
    (13, 4, 'compra_producto', 1, 'PROCESADOR - INTEL - CORE I7-14700 - PROCESADOR 8+12 NÚCLEOS (20C/28H), 2.1 GHZ (TURBO 5.4 GHZ), 33 MB SMART CACHE, SOCKET LGA1700, 65W/219W TDP - SIN N/P', 9179.73, '2026-03-09', '2026-03-28 21:06:02', '2026-03-28 21:06:02'),
    (14, 4, 'compra_producto', 1, 'DISCO SOLIDO NVME KINGSTON NV3 1TB SSD M.2 2280 PCIE 4.0 X4 NVME, VELOCIDAD LECTURA HASTA 6000 MB/S, ESCRITURA HASTA 4000 MB/S, 3D (SNV3S/1000G)', 3941.00, '2026-03-09', '2026-03-28 21:10:35', '2026-03-28 21:10:35'),
    (15, 4, 'compra_producto', 1, 'PLACA MADRE - MSI - PRO H610M-G DDR4 - MICRO-ATX, CHIPSET INTEL H610, SOCKET LGA1700, DDR4, HDMI, VGA, USB 3.2 - PRO H610M-G DDR4', 1848.00, '2026-03-09', '2026-03-28 21:18:11', '2026-03-28 21:18:11')
ON CONFLICT DO NOTHING;

-- pagos
INSERT INTO "pagos" ("id", "deuda_id", "monto", "currency_code", "fecha_pago", "metodo_pago", "referencia", "notas", "created_at", "updated_at") VALUES
    (15, 11, 300.00, 'PEN', '2026-02-07', 'efectivo', 'Ticket 0001-000111', 'el cliente realizara 3 pagos de 390 en un plazo de 3 meses', '2026-02-10 23:42:56', '2026-02-10 23:42:56'),
    (17, 15, 1600.00, 'PEN', '2026-02-04', 'efectivo', '1600', 'PAGO EN CAJA', '2026-02-13 02:38:33', '2026-02-13 02:38:33'),
    (18, 17, 1600.00, 'PEN', '2026-02-05', 'efectivo', 'pago del alquiler', 'luz aparte', '2026-02-17 02:56:48', '2026-02-17 02:56:48'),
    (19, 11, 300.00, 'PEN', '2026-02-16', 'efectivo', 'SEGUNDA CUOTA', 'Pago de la compra de Laptop Lenovo V15', '2026-02-18 04:43:37', '2026-02-18 04:43:37'),
    (20, 15, 1200.00, 'PEN', '2026-03-06', 'efectivo', 'ALQUILER', NULL, '2026-03-10 02:52:07', '2026-03-10 02:52:07'),
    (21, 15, 400.00, 'PEN', '2026-03-09', 'efectivo', 'TICKET 0001-143', 'PAGO DE ALQUILER LOCAL', '2026-03-21 20:20:43', '2026-03-21 20:20:43'),
    (22, 11, 300.00, 'PEN', '2026-03-21', 'efectivo', 'TICKET - 153', 'TERCERA CUOTA LAPTOP', '2026-03-22 01:15:06', '2026-03-22 01:15:06'),
    (23, 16, 50.00, 'PEN', '2026-03-20', 'efectivo', NULL, E'TICKET\t0001-000152', '2026-03-22 01:19:04', '2026-03-22 01:19:04')
ON CONFLICT DO NOTHING;


-- recibos_alquiler
INSERT INTO "recibos_alquiler" ("id", "deuda_alquiler_id", "numero_recibo", "monto", "periodo_inicio", "periodo_fin", "estado", "fecha_pago", "notas", "created_at", "updated_at") VALUES
    (3, 2, 'REC-0002-0001', 9600.00, '2026-01-01', '2026-01-31', 'pendiente', NULL, NULL, '2026-02-13 02:38:08', '2026-02-13 02:38:08'),
    (4, 3, 'REC-0003-0001', 9600.00, '2026-01-01', '2026-01-31', 'pendiente', NULL, NULL, '2026-02-13 02:55:55', '2026-02-13 02:55:55'),
    (5, 3, 'REC-0003-0002', 9600.00, '2026-02-01', '2026-02-28', 'pendiente', NULL, NULL, '2026-02-26 01:37:36', '2026-02-26 01:37:36')
ON CONFLICT DO NOTHING;

-- sessions
INSERT INTO "sessions" ("id", "user_id", "ip_address", "user_agent", "payload", "last_activity") VALUES
    ('TEH0YipTGlM23zid8NGLcBX1YT13c2NCLOll7jdI', 7, '38.250.159.18', 'Mozilla/5.0 (Windows NT 10.0; Win64; x64) AppleWebKit/537.36 (KHTML, like Gecko) Chrome/146.0.0.0 Safari/537.36', 'YTo0OntzOjY6Il90b2tlbiI7czo0MDoieUJtZHpmSEhlOU04NUZObm5iZGlrWkMxMWpOY2ZTd3hDd2kwQzNxZSI7czo5OiJfcHJldmlvdXMiO2E6Mjp7czozOiJ1cmwiO3M6Mzc6Imh0dHBzOi8vZGV1ZGFzLnNla2FpdGVjaC5jb20ucGUvbG9naW4iO3M6NToicm91dGUiO3M6NToibG9naW4iO31zOjY6Il9mbGFzaCI7YToyOntzOjM6Im9sZCI7YTowOnt9czozOiJuZXciO2E6MDp7fX1zOjUwOiJsb2dpbl93ZWJfNTliYTM2YWRkYzJiMmY5NDAxNTgwZjAxNGM3ZjU4ZWE0ZTMwOTg5ZCI7aTo3O30=', 1774714692)
ON CONFLICT DO NOTHING;

-- migrations
INSERT INTO "migrations" ("id", "migration", "batch") VALUES
    (1, '0001_01_01_000000_create_users_table', 1),
    (2, '0001_01_01_000001_create_cache_table', 1),
    (3, '0001_01_01_000002_create_jobs_table', 1),
    (4, '2025_02_07_000001_create_roles_table', 1),
    (5, '2026_02_07_200001_create_clientes_table', 2),
    (6, '2026_02_07_200002_create_deudas_table', 2),
    (7, '2026_02_07_200003_create_pagos_table', 2),
    (8, '2026_02_07_200004_create_movimientos_table', 2),
    (9, '2026_02_07_230000_add_rol_to_users_table', 3),
    (10, '2026_02_08_000001_add_tipo_deuda_to_deudas_table', 4),
    (11, '2026_02_08_000002_create_entidades_table', 4),
    (12, '2026_02_08_000003_create_inmuebles_table', 4),
    (13, '2026_02_08_000004_create_deuda_entidades_table', 4),
    (14, '2026_02_08_000005_create_deuda_alquileres_table', 4),
    (15, '2026_02_08_000006_create_recibos_alquiler_table', 4),
    (16, '2026_02_08_000007_create_deuda_historial_table', 4),
    (17, '2026_02_08_000008_create_notificaciones_table', 4),
    (18, '2026_02_10_create_configuraciones_table', 5),
    (19, '2026_02_10_add_currency_and_visibility_to_deudas', 6),
    (20, '2026_02_10_add_rol_to_users', 7),
    (21, '2026_02_10_fix_rol_column_type', 8),
    (22, '2026_02_10_cleanup_orphaned_records', 9),
    (24, '2026_02_10_add_foreign_key_constraints', 10),
    (25, '2026_02_10_full_cleanup_invalid_records', 10)
ON CONFLICT DO NOTHING;

-- Advance migrations sequence beyond the explicitly-inserted rows
SELECT setval(pg_get_serial_sequence('"migrations"', 'id'), (SELECT MAX(id) FROM "migrations"), true);

-- Missing migrations (repo migrations not recorded in dump)
INSERT INTO "migrations" ("migration", "batch") VALUES
    ('2026_02_16_add_siaf_fields_to_deuda_entidades', 11),
    ('2026_02_25_add_empresa_factura_to_deuda_entidades', 11),
    ('2026_03_10_100000_create_ordenes_compra_table', 11),
    ('2026_03_10_100001_create_gastos_oc_table', 11),
    ('2026_04_06_000001_add_cantidad_and_boleta_to_gastos_oc', 12),
    ('2026_04_06_200000_add_pagado_banco_estado_and_create_actividad_logs', 13),
    ('2026_03_10_100002_create_pagos_oc_table', 11),
    ('2026_03_11_000000_add_deuda_id_to_ordenes_compra', 11),
    ('2026_03_12_000000_add_empresa_fields_to_ordenes_compra', 11)
ON CONFLICT DO NOTHING;








-- ────────── RESET SEQUENCES ─────────────────────────────────────

SELECT setval(pg_get_serial_sequence('"clientes"', 'id'), 11, false);
SELECT setval(pg_get_serial_sequence('"configuraciones"', 'id'), 1, false);
SELECT setval(pg_get_serial_sequence('"deudas"', 'id'), 36, false);
SELECT setval(pg_get_serial_sequence('"deuda_alquileres"', 'id'), 4, false);
SELECT setval(pg_get_serial_sequence('"deuda_entidades"', 'id'), 21, false);
SELECT setval(pg_get_serial_sequence('"deuda_historial"', 'id'), 48, false);
SELECT setval(pg_get_serial_sequence('"entidades"', 'id'), 8, false);
SELECT setval(pg_get_serial_sequence('"failed_jobs"', 'id'), 1, false);
SELECT setval(pg_get_serial_sequence('"gastos_oc"', 'id'), 16, false);
SELECT setval(pg_get_serial_sequence('"inmuebles"', 'id'), 2, false);
SELECT setval(pg_get_serial_sequence('"jobs"', 'id'), 1, false);
SELECT setval(pg_get_serial_sequence('"migrations"', 'id'), 33, false);
SELECT setval(pg_get_serial_sequence('"actividad_logs"', 'id'), 1, false);
SELECT setval(pg_get_serial_sequence('"movimientos"', 'id'), 61, false);
SELECT setval(pg_get_serial_sequence('"notificaciones"', 'id'), 1, false);
SELECT setval(pg_get_serial_sequence('"ordenes_compra"', 'id'), 5, false);
SELECT setval(pg_get_serial_sequence('"pagos"', 'id'), 24, false);
SELECT setval(pg_get_serial_sequence('"pagos_oc"', 'id'), 1, false);
SELECT setval(pg_get_serial_sequence('"recibos_alquiler"', 'id'), 6, false);
SELECT setval(pg_get_serial_sequence('"roles"', 'id'), 1, false);
SELECT setval(pg_get_serial_sequence('"users"', 'id'), 8, false);

COMMIT;
