-- ================================================================
-- seed_data.sql — data only, no schema, no migrations table
-- Auto-generated by scripts/mysql_to_postgres.py
-- Used by docker/entrypoint.sh when users table is empty.
-- ================================================================

SET client_encoding = 'UTF8';
SET standard_conforming_strings = on;

-- users
INSERT INTO "users" ("id", "name", "email", "email_verified_at", "password", "role", "approved_at", "is_active", "rol", "activo", "remember_token", "created_at", "updated_at") VALUES
    (2, 'johan abad', 'johan12@gmail.com', NULL, '$2y$12$Dl09Zag2QaBqvjHwipQKL.WZdPrVjG.X4.t1A26nhNcwaNdqL/Yqa', 'user', NULL, true, 'superadmin', true, NULL, '2026-02-08 03:24:57', '2026-02-11 04:00:01'),
    (3, 'Julio Almerco', 'juliojauregui19@hotmail.com', NULL, '$2y$12$5eiFg1Z9TSngem50tBsCFOCD4zbhq2DjbpCt4L3BZIvIu9v2c8CM2', 'user', NULL, true, 'superadmin', true, 'SP7cUjFfzEz1YRDg7xxO2B6WaIGvlfbDC3AqtCyFTnzckmiffTtbV0VF5hgm', '2026-02-11 01:34:46', '2026-02-11 04:00:56'),
    (4, 'prueba1', 'asd@gmail.com', NULL, '$2y$12$c4CpvHHAYJb7HjoELoDJ3OSMgVn6nnmbZJvgoZd3DSpAsAJC2rzVy', 'user', NULL, true, 'superadmin', true, NULL, '2026-02-11 01:34:49', '2026-02-11 04:01:02'),
    (5, 'GIANFRANCO', 'Franco4@gmail.com', NULL, '$2y$12$StDHI/0t7p6F5Ix2Gek2sutQPIr7r1.78xmRh12OSski6eZXPHTh2', 'user', NULL, true, 'superadmin', true, NULL, '2026-02-11 02:28:30', '2026-02-11 03:59:56'),
    (6, 'ESTALIN HUAMALI', 'soporte@sekaitech.com.pe', NULL, '$2y$12$aS/GU2XJRND/mU3DqggfHONlgygs22.RRjb2RNSo7KXG3/lXgqIA2', 'user', NULL, true, 'superadmin', true, 'xSQkGabYkpLTJBVtyEPMOYJNNMfhQIxvGVOvjuJmUPo5LV1SJe7qytdYT0YX', '2026-02-25 03:22:33', '2026-02-25 03:23:04'),
    (7, 'yanet', 'yanet@kenya.com.pe', '2026-03-21 17:19:38', '$2y$12$3UYkrp6kpbWXQaM8Yt4AqeciVUly88o9q52h2iTfN41AuUDNKzi/q', 'admin', '2026-03-21 17:19:38', true, 'superadmin', true, NULL, '2026-03-21 17:19:38', '2026-03-21 22:32:48')
ON CONFLICT DO NOTHING;

-- clientes
INSERT INTO "clientes" ("id", "user_id", "nombre", "apellido", "cedula", "telefono", "email", "direccion", "notas", "estado", "created_at", "updated_at") VALUES
    (7, 2, 'WILSON', 'PARDAVE ALARCON', '22482218', '987654321', 'ejemplo@gmail.com', 'no hay', 'el cliente no tiene numero ni correo, tampoco sabemos su direccion', 'activo', '2026-02-10 23:39:37', '2026-02-10 23:39:37'),
    (8, 5, 'EDGAR GUILLEN', 'SILVA CARRANZA', '07477644', '00000000', NULL, 'AV. 14 DE AGOSTO 350', 'ALQUILER DE INMBUEBLE TIENDA DE ROPAS', 'activo', '2026-02-13 02:28:06', '2026-02-13 02:28:06'),
    (9, 5, 'JOSE LUIS', 'VARGAS TELLO', '40725469', '0000000', NULL, 'JR. HUALLAYCO Nº 1141', 'TIENDA DE INFORMATICA', 'activo', '2026-02-13 02:55:09', '2026-02-13 02:55:09')
ON CONFLICT DO NOTHING;

-- entidades
INSERT INTO "entidades" ("id", "user_id", "razon_social", "ruc", "tipo", "contacto_nombre", "contacto_telefono", "contacto_email", "direccion", "notas", "estado", "created_at", "updated_at") VALUES
    (2, 2, 'EPS SEDA HUANUCO S.A.', '20126850680', 'publica', 'ejemplo', '987654321', 'ejemplo@gmail.com', 'ejemplo', 'no tenemos datos todavia del contacto', 'activa', '2026-02-14 22:35:49', '2026-02-14 22:35:49'),
    (3, 5, 'EPS SEDA HUANUCO S.A.', '20126850680', 'publica', NULL, NULL, NULL, NULL, NULL, 'activa', '2026-02-18 21:26:39', '2026-02-18 21:26:39'),
    (4, 5, 'HOSPITAL REGIONAL HERMILIO VALDIZAN', '20146038329', 'publica', NULL, NULL, NULL, 'JR. HERMILIO VALDIZAN NRO. 950 HUANUCO - HUANUCO - HUANUCO', 'E001-198', 'activa', '2026-02-19 03:50:38', '2026-02-19 03:50:38'),
    (5, 5, 'RED DE SALUD YAROWILCA', '20608951106', 'publica', 'RED DE SALUD YAROWILCA', NULL, NULL, E'JR. SAN JUAN S/N HUANUCOYAROWILCA-\nCHAVINILLO', NULL, 'activa', '2026-03-22 02:45:59', '2026-03-22 02:45:59'),
    (6, 5, 'UNIDAD EJECUTORA 403 SALUD LEONCIO PRADO', '20489252601', 'publica', 'UNIDAD EJECUTORA 403 SALUD LEONCIO PRADO', NULL, NULL, NULL, NULL, 'activa', '2026-03-22 03:06:06', '2026-03-22 03:06:06'),
    (7, 5, 'UNIVERSIDAD NACIONAL AGRARIA DE LA SELVA', '20172356720', 'publica', NULL, NULL, NULL, 'CAR.CENTRAL KM. 1.21 (CERRETERA CENTRAL TINGO MARIA A HUANUCO) HUANUCO - LEONCIO PRADO - RUPA-RUPA', NULL, 'activa', '2026-03-22 03:52:40', '2026-03-22 03:52:40')
ON CONFLICT DO NOTHING;

-- inmuebles
INSERT INTO "inmuebles" ("id", "user_id", "nombre", "direccion", "tipo", "descripcion", "estado", "created_at", "updated_at") VALUES
    (1, 5, 'TIENDA GRUPO ALMERCO', 'JR. HUALLAYCO 1133 , 1145', 'casa', 'TIENDA DEL GRUPO ALMERCO', 'disponible', '2026-02-13 02:29:04', '2026-02-13 02:29:04')
ON CONFLICT DO NOTHING;

-- deudas
INSERT INTO "deudas" ("id", "tipo_deuda", "user_id", "cliente_id", "descripcion", "monto_total", "monto_pendiente", "currency_code", "tasa_interes", "fecha_inicio", "fecha_vencimiento", "estado", "frecuencia_pago", "numero_cuotas", "notas", "created_at", "updated_at") VALUES
    (11, 'particular', 2, 7, 'Compra de una laptop lenovo v15', 1470.00, 570.00, 'PEN', 0.00, '2026-02-07', '2026-05-07', 'activa', 'mensual', 3, 'El cliente realizo un pago de 300 anticipado', '2026-02-10 23:41:37', '2026-03-22 01:15:06'),
    (15, 'alquiler', 5, 8, 'TIENDA DE ROPA', 9600.00, 6400.00, 'PEN', 0.00, '2026-01-01', '2026-06-30', 'activa', 'mensual', NULL, 'AGUA Y LUZ PAGA APARTE', '2026-02-13 02:38:08', '2026-03-21 20:20:43'),
    (16, 'particular', 5, 8, 'AGUA, LUZ Y OTROS GASTOS', 505.00, 455.00, 'PEN', 0.00, '2026-02-12', '2026-03-31', 'activa', 'mensual', 2, 'PENDIENTE DE PAGO', '2026-02-13 02:39:52', '2026-03-22 01:19:04'),
    (17, 'alquiler', 5, 9, 'TIENDA DE INFORMATICA', 9600.00, 8000.00, 'PEN', 0.00, '2026-01-01', '2026-06-30', 'activa', 'mensual', NULL, 'SOLO SE COBRA DEL AGUA', '2026-02-13 02:55:54', '2026-02-17 02:56:48'),
    (20, 'entidad', 5, NULL, 'FH01-63', 85.00, 0.00, 'PEN', 0.00, '2026-02-18', '2026-02-23', 'pagada', 'unico', NULL, 'PAGADA', '2026-02-18 21:28:01', '2026-03-22 01:17:48'),
    (23, 'entidad', 5, NULL, 'E001-198', 9251.00, 0.00, 'PEN', 0.00, '2026-02-09', '2026-02-28', 'pagada', 'unico', NULL, 'PRUEBA', '2026-02-19 04:48:47', '2026-03-08 04:41:45'),
    (24, 'entidad', 5, NULL, 'E001-693', 330.00, 0.00, 'PEN', 0.00, '2026-02-10', '2026-02-28', 'pagada', 'unico', NULL, NULL, '2026-03-10 02:55:00', '2026-03-10 02:55:15'),
    (26, 'entidad', 5, NULL, 'E001-76', 4590.00, 4590.00, 'PEN', 0.00, '2026-02-27', '2026-03-31', 'activa', 'unico', NULL, NULL, '2026-03-22 02:35:41', '2026-03-22 02:35:41'),
    (27, 'entidad', 5, NULL, 'FH01-80', 865.00, 865.00, 'PEN', 0.00, '2026-02-27', '2026-04-10', 'activa', 'unico', NULL, NULL, '2026-03-22 02:40:12', '2026-03-22 02:40:12'),
    (28, 'entidad', 5, NULL, 'E001-199', 38079.92, 38079.92, 'PEN', 0.00, '2026-02-26', '2026-04-10', 'activa', 'unico', NULL, NULL, '2026-03-22 02:49:54', '2026-03-22 02:49:54'),
    (29, 'entidad', 5, NULL, 'E001-200', 338.00, 338.00, 'PEN', 0.00, '2026-03-11', '2026-04-13', 'activa', 'unico', NULL, NULL, '2026-03-22 02:52:43', '2026-03-22 02:52:43'),
    (30, 'entidad', 5, NULL, 'E001-201', 2384.00, 2384.00, 'PEN', 0.00, '2026-03-17', '2026-04-20', 'activa', 'unico', NULL, NULL, '2026-03-22 02:55:17', '2026-03-22 02:55:17'),
    (31, 'entidad', 5, NULL, 'E001-202', 1788.00, 1788.00, 'PEN', 0.00, '2026-03-17', '2026-04-20', 'activa', 'unico', NULL, NULL, '2026-03-22 02:57:56', '2026-03-22 02:57:56'),
    (32, 'entidad', 5, NULL, 'E001-74', 380.00, 0.00, 'PEN', 0.00, '2025-12-11', '2026-02-10', 'pagada', 'unico', NULL, NULL, '2026-03-22 03:29:14', '2026-03-22 03:29:38'),
    (33, 'entidad', 5, NULL, 'E001-79', 135.00, 135.00, 'PEN', 0.00, '2026-03-17', '2026-04-10', 'activa', 'unico', NULL, NULL, '2026-03-22 03:36:08', '2026-03-22 03:36:08'),
    (34, 'entidad', 5, NULL, 'E001-80', 675.00, 675.00, 'PEN', 0.00, '2026-03-17', '2026-04-10', 'activa', 'unico', NULL, NULL, '2026-03-22 03:45:57', '2026-03-22 03:45:57'),
    (35, 'entidad', 5, NULL, 'E001-78', 22100.00, 22100.00, 'PEN', 0.00, '2026-03-05', '2026-04-10', 'activa', 'unico', NULL, NULL, '2026-03-22 03:54:23', '2026-03-22 03:54:23')
ON CONFLICT DO NOTHING;

-- deuda_alquileres
INSERT INTO "deuda_alquileres" ("id", "deuda_id", "inmueble_id", "monto_mensual", "periodicidad", "fecha_inicio_contrato", "fecha_corte", "servicios_incluidos", "created_at", "updated_at") VALUES
    (2, 15, 1, 9600.00, 'mensual', '2026-01-01', '2026-06-30', '[]', '2026-02-13 02:38:08', '2026-02-13 02:38:08'),
    (3, 17, 1, 9600.00, 'mensual', '2026-01-01', '2026-06-30', '[]', '2026-02-13 02:55:54', '2026-02-13 02:55:54')
ON CONFLICT DO NOTHING;

-- deuda_entidades
INSERT INTO "deuda_entidades" ("id", "deuda_id", "entidad_id", "orden_compra", "fecha_emision", "producto_servicio", "codigo_siaf", "estado_siaf", "fase_siaf", "estado_expediente", "fecha_proceso", "fecha_limite_pago", "estado_seguimiento", "empresa_factura", "unidad_ejecutora", "cerrado", "created_at", "updated_at") VALUES
    (5, 20, 3, '0', '2026-02-18', 'ESTABILIZADOR DE VOLTAJE Y TOMACORRIENTE', NULL, NULL, NULL, NULL, NULL, '2026-02-23', 'emitido', NULL, NULL, false, '2026-02-18 21:28:01', '2026-02-18 21:28:01'),
    (8, 23, 4, '72', '2026-02-09', 'TAMBOR DE IMAGEN Y TONER DE IMPRESIÓN', '455', 'G', 'G', 'A', '2026-02-20 00:00:00', '2026-02-28', 'emitido', 'ROJAS VILLANUEVA JORGE LUIS', '812', false, '2026-02-19 04:48:47', '2026-03-22 02:36:19'),
    (9, 24, 4, '88', '2026-02-10', 'BOLIGRAFO LAPICERO', '476', 'G', 'G', 'F', '2026-02-24 00:00:00', '2026-02-28', 'emitido', 'DISTRIBUIDORA PLAZA CENTRO EIRL', '812', false, '2026-03-10 02:55:00', '2026-03-10 02:55:39'),
    (11, 26, 4, 'O/C 169', '2026-02-27', 'IMPRESORA MULTIFUNCIONAL EPSON L15150', '731', 'D', 'C', 'A', '2026-02-27 00:00:00', '2026-03-31', 'emitido', 'SEKAI TECH S.C.R.L.', '812', false, '2026-03-22 02:35:41', '2026-03-24 21:25:27'),
    (12, 27, 4, 'O/C 170', '2026-02-27', 'BOLIGRAFO DE TINTA LIQUIDA COLOR AZUL FABER - CASTELL Y TONER DE IMPRESION HP W1330X NEGRO', '732', 'C', 'C', 'A', '2026-02-27 00:00:00', '2026-04-10', 'emitido', 'SEKAI TECH S.C.R.L.', '812', false, '2026-03-22 02:40:12', '2026-03-22 02:40:38'),
    (13, 28, 5, 'O/C 2', '2026-02-26', '7 MONITORES Y 7 COMPUTADORAS KENYA TECHNOLOGY', '51', 'G', 'D', 'F', '2026-03-19 00:00:00', '2026-04-10', 'emitido', 'ROJAS VILLANUEVA JORGE LUIS', '1740', false, '2026-03-22 02:49:54', '2026-03-24 21:42:36'),
    (14, 29, 4, 'O/C 238', '2026-03-11', 'TAMBOR DE IMAGEN HP W1332A NEGRO - TOP JET', '883', 'C', 'C', 'A', '2026-03-11 00:00:00', '2026-04-13', 'emitido', 'ROJAS VILLANUEVA JORGE LUIS', '812', false, '2026-03-22 02:52:43', '2026-03-22 02:52:43'),
    (15, 30, 4, 'O/C 262', '2026-03-17', 'TONER IMPRESION PARA HP COD. REF. W1330 X NEGRO TOP JET', '1027', 'C', 'C', 'A', '2026-03-17 00:00:00', '2026-04-20', 'emitido', 'ROJAS VILLANUEVA JORGE LUIS', '812', false, '2026-03-22 02:55:17', '2026-03-22 02:55:17'),
    (16, 31, 4, 'O/C 263', '2026-03-17', 'TONER DE IMPRESION PARA HP W1330X NEGRO - TOP JET', '1026', 'C', 'C', 'A', '2026-03-17 00:00:00', '2026-04-20', 'emitido', 'ROJAS VILLANUEVA JORGE LUIS', '812', false, '2026-03-22 02:57:56', '2026-03-22 02:57:56'),
    (17, 32, 6, 'O/C 450', '2025-12-11', 'DISCO SOLIDO MARCA KINGSTON Y MOUSE OPTICO', '4670', 'G', 'G', 'F', '2026-01-19 00:00:00', '2026-02-10', 'pagado', 'SEKAI TECH S.C.R.L.', '1110', true, '2026-03-22 03:29:14', '2026-03-22 03:29:38'),
    (18, 33, 4, 'O/C 264', '2026-03-17', 'TINTA DE IMPRESION PARA EPSON 544 NEGRO', '1023', 'C', 'C', 'A', '2026-03-17 00:00:00', '2026-04-10', 'emitido', 'SEKAI TECH S.C.R.L.', '812', false, '2026-03-22 03:36:08', '2026-03-22 03:36:08'),
    (19, 34, 4, 'O/C 265', '2026-03-17', 'TINTAS PARA IMPRESORA EPSON 544 CYAN, MAGENTA Y AMARILLO', '1024', 'C', 'C', 'A', '2026-03-17 00:00:00', '2026-04-10', 'emitido', 'SEKAI TECH S.C.R.L.', '812', false, '2026-03-22 03:45:57', '2026-03-22 03:45:57'),
    (20, 35, 7, 'O/C 21', '2026-03-05', 'PUNTERO LASER INALAMBRICO PRESENTADOR DE DIAPOSITIVAS', '673', 'C', 'C', 'A', '2026-03-05 00:00:00', '2026-04-10', 'emitido', 'GRUPO ALMERCO EIRL', '104', false, '2026-03-22 03:54:23', '2026-03-22 03:54:23')
ON CONFLICT DO NOTHING;

-- deuda_historial
INSERT INTO "deuda_historial" ("id", "deuda_id", "user_id", "evento", "datos_anteriores", "datos_nuevos", "descripcion", "created_at", "updated_at") VALUES
    (12, 15, 5, 'creacion', NULL, '{"user_id":5,"tipo_deuda":"alquiler","cliente_id":"8","descripcion":"TIENDA DE ROPA","monto_total":"9600.00","monto_pendiente":"9600.00","tasa_interes":"0.00","fecha_inicio":"2026-01-01T00:00:00.000000Z","fecha_vencimiento":"2026-06-30T00:00:00.000000Z","frecuencia_pago":"mensual","notas":"AGUA Y LUZ PAGA APARTE","updated_at":"2026-02-12T21:38:08.000000Z","created_at":"2026-02-12T21:38:08.000000Z","id":15}', 'Deuda creada: TIENDA DE ROPA', '2026-02-13 02:38:08', '2026-02-13 02:38:08'),
    (13, 16, 5, 'creacion', NULL, '{"user_id":5,"tipo_deuda":"particular","cliente_id":"8","descripcion":"AGUA, LUZ Y OTROS GASTOS","monto_total":"505.00","monto_pendiente":"505.00","tasa_interes":"0.00","fecha_inicio":"2026-02-12T00:00:00.000000Z","fecha_vencimiento":"2026-03-31T00:00:00.000000Z","frecuencia_pago":"mensual","numero_cuotas":"2","notas":"PENDIENTE DE PAGO","updated_at":"2026-02-12T21:39:52.000000Z","created_at":"2026-02-12T21:39:52.000000Z","id":16}', 'Deuda creada: AGUA, LUZ Y OTROS GASTOS', '2026-02-13 02:39:52', '2026-02-13 02:39:52'),
    (14, 17, 5, 'creacion', NULL, '{"user_id":5,"tipo_deuda":"alquiler","cliente_id":"9","descripcion":"TIENDA DE INFORMATICA","monto_total":"9600.00","monto_pendiente":"9600.00","tasa_interes":"0.00","fecha_inicio":"2026-01-01T00:00:00.000000Z","fecha_vencimiento":"2026-06-30T00:00:00.000000Z","frecuencia_pago":"mensual","notas":"SOLO SE COBRA DEL AGUA","updated_at":"2026-02-12T21:55:54.000000Z","created_at":"2026-02-12T21:55:54.000000Z","id":17}', 'Deuda creada: TIENDA DE INFORMATICA', '2026-02-13 02:55:55', '2026-02-13 02:55:55'),
    (17, 20, 5, 'creacion', NULL, '{"user_id":5,"tipo_deuda":"entidad","cliente_id":null,"descripcion":"FH01-63","monto_total":"85.00","monto_pendiente":"85.00","tasa_interes":"0.00","fecha_inicio":"2026-02-18T00:00:00.000000Z","fecha_vencimiento":"2026-02-23T00:00:00.000000Z","frecuencia_pago":"unico","notas":"PENDIENTE DE PAGO","currency_code":"PEN","updated_at":"2026-02-18T16:28:01.000000Z","created_at":"2026-02-18T16:28:01.000000Z","id":20}', 'Deuda creada: FH01-63', '2026-02-18 21:28:01', '2026-02-18 21:28:01'),
    (20, 23, 5, 'creacion', NULL, '{"user_id":5,"tipo_deuda":"entidad","cliente_id":null,"descripcion":"E001-198","monto_total":"9251.00","monto_pendiente":"9251.00","tasa_interes":"0.00","fecha_inicio":"2026-02-09T00:00:00.000000Z","fecha_vencimiento":"2026-02-28T00:00:00.000000Z","frecuencia_pago":"unico","notas":null,"currency_code":"PEN","updated_at":"2026-02-18T23:48:47.000000Z","created_at":"2026-02-18T23:48:47.000000Z","id":23}', 'Deuda creada: E001-198', '2026-02-19 04:48:47', '2026-02-19 04:48:47'),
    (21, 23, 2, 'actualizacion', '{"notas":null,"updated_at":"2026-02-18T23:48:47.000000Z"}', '{"notas":"PRUEBA","updated_at":"2026-03-07 21:36:13"}', 'Deuda actualizada: E001-198', '2026-03-08 02:36:13', '2026-03-08 02:36:13'),
    (22, 23, 5, 'actualizacion', '{"estado":"activa","updated_at":"2026-03-07T21:36:13.000000Z"}', '{"estado":"pagada","updated_at":"2026-03-07 21:37:22"}', 'Deuda actualizada: E001-198', '2026-03-08 02:37:22', '2026-03-08 02:37:22'),
    (23, 20, 5, 'actualizacion', '{"estado":"activa","notas":"PENDIENTE DE PAGO","updated_at":"2026-02-18T16:28:01.000000Z"}', '{"estado":"pagada","notas":"PAGADA","updated_at":"2026-03-07 21:37:54"}', 'Deuda actualizada: FH01-63', '2026-03-08 02:37:54', '2026-03-08 02:37:54'),
    (24, 23, 2, 'actualizacion', '{"estado":"pagada","updated_at":"2026-03-07T21:37:22.000000Z"}', '{"estado":"activa","updated_at":"2026-03-07 23:41:37"}', 'Deuda actualizada: E001-198', '2026-03-08 04:41:37', '2026-03-08 04:41:37'),
    (25, 23, 2, 'actualizacion', '{"monto_pendiente":"9251.00","estado":"activa","updated_at":"2026-03-07T23:41:37.000000Z"}', '{"monto_pendiente":0,"estado":"pagada","updated_at":"2026-03-07 23:41:45"}', 'Deuda actualizada: E001-198', '2026-03-08 04:41:45', '2026-03-08 04:41:45'),
    (26, 24, 5, 'creacion', NULL, '{"user_id":5,"tipo_deuda":"entidad","cliente_id":null,"descripcion":"E001-693","monto_total":"330.00","monto_pendiente":"330.00","tasa_interes":"0.00","fecha_inicio":"2026-02-10T00:00:00.000000Z","fecha_vencimiento":"2026-02-28T00:00:00.000000Z","frecuencia_pago":"unico","notas":null,"currency_code":"PEN","updated_at":"2026-03-09T21:55:00.000000Z","created_at":"2026-03-09T21:55:00.000000Z","id":24}', 'Deuda creada: E001-693', '2026-03-10 02:55:00', '2026-03-10 02:55:00'),
    (27, 24, 5, 'actualizacion', '{"monto_pendiente":"330.00","estado":"activa","updated_at":"2026-03-09T21:55:00.000000Z"}', '{"monto_pendiente":0,"estado":"pagada","updated_at":"2026-03-09 21:55:15"}', 'Deuda actualizada: E001-693', '2026-03-10 02:55:15', '2026-03-10 02:55:15'),
    (28, 24, 5, 'actualizacion', '[]', '[]', 'Deuda actualizada: E001-693', '2026-03-10 02:55:39', '2026-03-10 02:55:39'),
    (29, 20, 5, 'actualizacion', '{"monto_pendiente":"85.00","updated_at":"2026-03-07T21:37:54.000000Z"}', '{"monto_pendiente":0,"updated_at":"2026-03-21 20:17:48"}', 'Deuda actualizada: FH01-63', '2026-03-22 01:17:48', '2026-03-22 01:17:48'),
    (31, 26, 5, 'creacion', NULL, '{"user_id":5,"tipo_deuda":"entidad","cliente_id":null,"descripcion":"E001-76","monto_total":"4590.00","monto_pendiente":"4590.00","tasa_interes":"0.00","fecha_inicio":"2026-02-27T00:00:00.000000Z","fecha_vencimiento":"2026-03-31T00:00:00.000000Z","frecuencia_pago":"unico","notas":null,"currency_code":"PEN","updated_at":"2026-03-21T21:35:41.000000Z","created_at":"2026-03-21T21:35:41.000000Z","id":26}', 'Deuda creada: E001-76', '2026-03-22 02:35:41', '2026-03-22 02:35:41'),
    (32, 23, 5, 'actualizacion', '[]', '[]', 'Deuda actualizada: E001-198', '2026-03-22 02:36:19', '2026-03-22 02:36:19'),
    (33, 27, 5, 'creacion', NULL, '{"user_id":5,"tipo_deuda":"entidad","cliente_id":null,"descripcion":"FH01-80","monto_total":"865.00","monto_pendiente":"865.00","tasa_interes":"0.00","fecha_inicio":"2026-02-27T00:00:00.000000Z","fecha_vencimiento":"2026-04-10T00:00:00.000000Z","frecuencia_pago":"unico","notas":null,"currency_code":"PEN","updated_at":"2026-03-21T21:40:12.000000Z","created_at":"2026-03-21T21:40:12.000000Z","id":27}', 'Deuda creada: FH01-80', '2026-03-22 02:40:12', '2026-03-22 02:40:12'),
    (34, 27, 5, 'actualizacion', '[]', '[]', 'Deuda actualizada: FH01-80', '2026-03-22 02:40:38', '2026-03-22 02:40:38'),
    (35, 26, 5, 'actualizacion', '[]', '[]', 'Deuda actualizada: E001-76', '2026-03-22 02:41:03', '2026-03-22 02:41:03'),
    (36, 28, 5, 'creacion', NULL, '{"user_id":5,"tipo_deuda":"entidad","cliente_id":null,"descripcion":"E001-199","monto_total":"38079.92","monto_pendiente":"38079.92","tasa_interes":"0.00","fecha_inicio":"2026-02-26T00:00:00.000000Z","fecha_vencimiento":"2026-04-10T00:00:00.000000Z","frecuencia_pago":"unico","notas":null,"currency_code":"PEN","updated_at":"2026-03-21T21:49:54.000000Z","created_at":"2026-03-21T21:49:54.000000Z","id":28}', 'Deuda creada: E001-199', '2026-03-22 02:49:54', '2026-03-22 02:49:54'),
    (37, 29, 5, 'creacion', NULL, '{"user_id":5,"tipo_deuda":"entidad","cliente_id":null,"descripcion":"E001-200","monto_total":"338.00","monto_pendiente":"338.00","tasa_interes":"0.00","fecha_inicio":"2026-03-11T00:00:00.000000Z","fecha_vencimiento":"2026-04-13T00:00:00.000000Z","frecuencia_pago":"unico","notas":null,"currency_code":"PEN","updated_at":"2026-03-21T21:52:43.000000Z","created_at":"2026-03-21T21:52:43.000000Z","id":29}', 'Deuda creada: E001-200', '2026-03-22 02:52:43', '2026-03-22 02:52:43'),
    (38, 30, 5, 'creacion', NULL, '{"user_id":5,"tipo_deuda":"entidad","cliente_id":null,"descripcion":"E001-201","monto_total":"2384.00","monto_pendiente":"2384.00","tasa_interes":"0.00","fecha_inicio":"2026-03-17T00:00:00.000000Z","fecha_vencimiento":"2026-04-20T00:00:00.000000Z","frecuencia_pago":"unico","notas":null,"currency_code":"PEN","updated_at":"2026-03-21T21:55:17.000000Z","created_at":"2026-03-21T21:55:17.000000Z","id":30}', 'Deuda creada: E001-201', '2026-03-22 02:55:17', '2026-03-22 02:55:17'),
    (39, 31, 5, 'creacion', NULL, '{"user_id":5,"tipo_deuda":"entidad","cliente_id":null,"descripcion":"E001-202","monto_total":"1788.00","monto_pendiente":"1788.00","tasa_interes":"0.00","fecha_inicio":"2026-03-17T00:00:00.000000Z","fecha_vencimiento":"2026-04-20T00:00:00.000000Z","frecuencia_pago":"unico","notas":null,"currency_code":"PEN","updated_at":"2026-03-21T21:57:56.000000Z","created_at":"2026-03-21T21:57:56.000000Z","id":31}', 'Deuda creada: E001-202', '2026-03-22 02:57:56', '2026-03-22 02:57:56'),
    (40, 32, 5, 'creacion', NULL, '{"user_id":5,"tipo_deuda":"entidad","cliente_id":null,"descripcion":"E001-74","monto_total":"380.00","monto_pendiente":"380.00","tasa_interes":"0.00","fecha_inicio":"2025-12-11T00:00:00.000000Z","fecha_vencimiento":"2026-02-10T00:00:00.000000Z","frecuencia_pago":"unico","notas":null,"currency_code":"PEN","updated_at":"2026-03-21T22:29:14.000000Z","created_at":"2026-03-21T22:29:14.000000Z","id":32}', 'Deuda creada: E001-74', '2026-03-22 03:29:14', '2026-03-22 03:29:14'),
    (41, 32, 5, 'cambio_seguimiento', '{"estado_seguimiento":"emitido"}', '{"estado_seguimiento":"pagado"}', 'Seguimiento: emitido -> pagado', '2026-03-22 03:29:38', '2026-03-22 03:29:38'),
    (42, 33, 5, 'creacion', NULL, '{"user_id":5,"tipo_deuda":"entidad","cliente_id":null,"descripcion":"E001-79","monto_total":"135.00","monto_pendiente":"135.00","tasa_interes":"0.00","fecha_inicio":"2026-03-17T00:00:00.000000Z","fecha_vencimiento":"2026-04-10T00:00:00.000000Z","frecuencia_pago":"unico","notas":null,"currency_code":"PEN","updated_at":"2026-03-21T22:36:08.000000Z","created_at":"2026-03-21T22:36:08.000000Z","id":33}', 'Deuda creada: E001-79', '2026-03-22 03:36:08', '2026-03-22 03:36:08'),
    (43, 34, 5, 'creacion', NULL, '{"user_id":5,"tipo_deuda":"entidad","cliente_id":null,"descripcion":"E001-80","monto_total":"675.00","monto_pendiente":"675.00","tasa_interes":"0.00","fecha_inicio":"2026-03-17T00:00:00.000000Z","fecha_vencimiento":"2026-04-10T00:00:00.000000Z","frecuencia_pago":"unico","notas":null,"currency_code":"PEN","updated_at":"2026-03-21T22:45:57.000000Z","created_at":"2026-03-21T22:45:57.000000Z","id":34}', 'Deuda creada: E001-80', '2026-03-22 03:45:57', '2026-03-22 03:45:57'),
    (44, 35, 5, 'creacion', NULL, '{"user_id":5,"tipo_deuda":"entidad","cliente_id":null,"descripcion":"E001-78","monto_total":"22100.00","monto_pendiente":"22100.00","tasa_interes":"0.00","fecha_inicio":"2026-03-05T00:00:00.000000Z","fecha_vencimiento":"2026-04-10T00:00:00.000000Z","frecuencia_pago":"unico","notas":null,"currency_code":"PEN","updated_at":"2026-03-21T22:54:23.000000Z","created_at":"2026-03-21T22:54:23.000000Z","id":35}', 'Deuda creada: E001-78', '2026-03-22 03:54:23', '2026-03-22 03:54:23'),
    (45, 28, 5, 'actualizacion', '[]', '[]', 'Deuda actualizada: E001-199', '2026-03-23 20:09:09', '2026-03-23 20:09:09'),
    (46, 26, 5, 'actualizacion', '[]', '[]', 'Deuda actualizada: E001-76', '2026-03-24 21:25:27', '2026-03-24 21:25:27'),
    (47, 28, 5, 'actualizacion', '[]', '[]', 'Deuda actualizada: E001-199', '2026-03-24 21:42:36', '2026-03-24 21:42:36')
ON CONFLICT DO NOTHING;

-- movimientos
INSERT INTO "movimientos" ("id", "user_id", "tipo", "referencia_tipo", "referencia_id", "monto", "descripcion", "created_at", "updated_at") VALUES
    (25, 2, 'prestamo_otorgado', 'deuda', 11, 1470.00, 'Prestamo otorgado a WILSON PARDAVE ALARCON: Compra de una laptop lenovo v15', '2026-02-10 23:41:37', '2026-02-10 23:41:37'),
    (26, 2, 'pago_recibido', 'pago', 15, 300.00, 'Pago recibido de WILSON PARDAVE ALARCON - Compra de una laptop lenovo v15', '2026-02-10 23:42:56', '2026-02-10 23:42:56'),
    (31, 5, 'prestamo_otorgado', 'deuda', 14, 1600.00, 'Alquiler registrado: TIENDA DE ROPA', '2026-02-13 02:29:42', '2026-02-13 02:29:42'),
    (33, 5, 'prestamo_otorgado', 'deuda', 15, 9600.00, 'Alquiler registrado: TIENDA DE ROPA', '2026-02-13 02:38:08', '2026-02-13 02:38:08'),
    (34, 5, 'pago_recibido', 'pago', 17, 1600.00, 'Pago recibido de EDGAR GUILLEN SILVA CARRANZA - TIENDA DE ROPA', '2026-02-13 02:38:33', '2026-02-13 02:38:33'),
    (35, 5, 'prestamo_otorgado', 'deuda', 16, 505.00, 'Prestamo otorgado a EDGAR GUILLEN SILVA CARRANZA: AGUA, LUZ Y OTROS GASTOS', '2026-02-13 02:39:52', '2026-02-13 02:39:52'),
    (36, 5, 'prestamo_otorgado', 'deuda', 17, 9600.00, 'Alquiler registrado: TIENDA DE INFORMATICA', '2026-02-13 02:55:55', '2026-02-13 02:55:55'),
    (38, 5, 'pago_recibido', 'pago', 18, 1600.00, 'Pago recibido de JOSE LUIS VARGAS TELLO - TIENDA DE INFORMATICA', '2026-02-17 02:56:48', '2026-02-17 02:56:48'),
    (40, 5, 'pago_recibido', 'pago', 19, 300.00, 'Pago recibido de WILSON PARDAVE ALARCON - Compra de una laptop lenovo v15', '2026-02-18 04:43:37', '2026-02-18 04:43:37'),
    (41, 5, 'prestamo_otorgado', 'deuda', 20, 85.00, 'Deuda con entidad EPS SEDA HUANUCO S.A.: ESTABILIZADOR DE VOLTAJE Y TOMACORRIENTE', '2026-02-18 21:28:01', '2026-02-18 21:28:01'),
    (44, 5, 'prestamo_otorgado', 'deuda', 23, 9251.00, 'Deuda con entidad HOSPITAL REGIONAL HERMILIO VALDIZAN: TAMBOR DE IMAGEN Y TONER DE IMPRESIÓN', '2026-02-19 04:48:47', '2026-02-19 04:48:47'),
    (45, 5, 'pago_recibido', 'pago', 20, 1200.00, 'Pago recibido de EDGAR GUILLEN SILVA CARRANZA - TIENDA DE ROPA', '2026-03-10 02:52:07', '2026-03-10 02:52:07'),
    (46, 5, 'prestamo_otorgado', 'deuda', 24, 330.00, 'Deuda con entidad HOSPITAL REGIONAL HERMILIO VALDIZAN: BOLIGRAFO LAPICERO', '2026-03-10 02:55:00', '2026-03-10 02:55:00'),
    (47, 5, 'pago_recibido', 'pago', 21, 400.00, 'Pago recibido de EDGAR GUILLEN SILVA CARRANZA - TIENDA DE ROPA', '2026-03-21 20:20:43', '2026-03-21 20:20:43'),
    (48, 5, 'pago_recibido', 'pago', 22, 300.00, 'Pago recibido de WILSON PARDAVE ALARCON - Compra de una laptop lenovo v15', '2026-03-22 01:15:06', '2026-03-22 01:15:06'),
    (49, 5, 'pago_recibido', 'pago', 23, 50.00, 'Pago recibido de EDGAR GUILLEN SILVA CARRANZA - AGUA, LUZ Y OTROS GASTOS', '2026-03-22 01:19:04', '2026-03-22 01:19:04'),
    (51, 5, 'prestamo_otorgado', 'deuda', 26, 4590.00, 'Deuda con entidad HOSPITAL REGIONAL HERMILIO VALDIZAN: IMPRESORA MULTIFUNCIONAL EPSON L15150', '2026-03-22 02:35:41', '2026-03-22 02:35:41'),
    (52, 5, 'prestamo_otorgado', 'deuda', 27, 865.00, 'Deuda con entidad HOSPITAL REGIONAL HERMILIO VALDIZAN: BOLIGRAFO DE TINTA LIQUIDA COLOR AZUL FABER - CASTELL Y TONER DE IMPRESION HP W1330X NEGRO', '2026-03-22 02:40:12', '2026-03-22 02:40:12'),
    (53, 5, 'prestamo_otorgado', 'deuda', 28, 38079.92, 'Deuda con entidad RED DE SALUD YAROWILCA: 7 MONITORES Y 7 COMPUTADORAS KENYA TECHNOLOGY', '2026-03-22 02:49:54', '2026-03-22 02:49:54'),
    (54, 5, 'prestamo_otorgado', 'deuda', 29, 338.00, 'Deuda con entidad HOSPITAL REGIONAL HERMILIO VALDIZAN: TAMBOR DE IMAGEN HP W1332A NEGRO - TOP JET', '2026-03-22 02:52:43', '2026-03-22 02:52:43'),
    (55, 5, 'prestamo_otorgado', 'deuda', 30, 2384.00, 'Deuda con entidad HOSPITAL REGIONAL HERMILIO VALDIZAN: TONER IMPRESION PARA HP COD. REF. W1330 X NEGRO TOP JET', '2026-03-22 02:55:17', '2026-03-22 02:55:17'),
    (56, 5, 'prestamo_otorgado', 'deuda', 31, 1788.00, 'Deuda con entidad HOSPITAL REGIONAL HERMILIO VALDIZAN: TONER DE IMPRESION PARA HP W1330X NEGRO - TOP JET', '2026-03-22 02:57:56', '2026-03-22 02:57:56'),
    (57, 5, 'prestamo_otorgado', 'deuda', 32, 380.00, 'Deuda con entidad UNIDAD EJECUTORA 403 SALUD LEONCIO PRADO: DISCO SOLIDO MARCA KINGSTON Y MOUSE OPTICO', '2026-03-22 03:29:14', '2026-03-22 03:29:14'),
    (58, 5, 'prestamo_otorgado', 'deuda', 33, 135.00, 'Deuda con entidad HOSPITAL REGIONAL HERMILIO VALDIZAN: TINTA DE IMPRESION PARA EPSON 544 NEGRO', '2026-03-22 03:36:08', '2026-03-22 03:36:08'),
    (59, 5, 'prestamo_otorgado', 'deuda', 34, 675.00, 'Deuda con entidad HOSPITAL REGIONAL HERMILIO VALDIZAN: TINTAS PARA IMPRESORA EPSON 544 CYAN, MAGENTA Y AMARILLO', '2026-03-22 03:45:57', '2026-03-22 03:45:57'),
    (60, 5, 'prestamo_otorgado', 'deuda', 35, 22100.00, 'Deuda con entidad UNIVERSIDAD NACIONAL AGRARIA DE LA SELVA: PUNTERO LASER INALAMBRICO PRESENTADOR DE DIAPOSITIVAS', '2026-03-22 03:54:23', '2026-03-22 03:54:23')
ON CONFLICT DO NOTHING;

-- ordenes_compra
INSERT INTO "ordenes_compra" ("id", "user_id", "deuda_id", "numero_oc", "cliente", "empresa_factura", "entidad_recibe", "fecha_oc", "fecha_entrega", "estado", "total_oc", "currency_code", "notas", "created_at", "updated_at") VALUES
    (4, 7, 28, 'OC-02', 'E001-199', 'Jorge Luis Rojas Villanueva', 'Red Salud Yarowilca', '2026-02-26', '2026-03-12', 'entregado', 38079.92, 'PEN', NULL, '2026-03-28 19:50:44', '2026-03-28 19:50:44')
ON CONFLICT DO NOTHING;

-- gastos_oc
INSERT INTO "gastos_oc" ("id", "orden_compra_id", "tipo_gasto", "descripcion", "monto", "fecha", "created_at", "updated_at") VALUES
    (5, 4, 'compra_producto', 'CAJA TECLADO KENYA EZENT TE-1035S', 70.00, '2026-03-09', '2026-03-28 19:58:32', '2026-03-28 20:18:09'),
    (6, 4, 'compra_producto', 'CAJA MONITOR 27" KENYA RAITO', 70.50, '2026-03-09', '2026-03-28 20:00:22', '2026-03-28 20:18:46'),
    (7, 4, 'compra_producto', 'COMBO TECLADO Y MOUSE - LOGITECH - MK120 - COMBO TECLADO Y MOUSE CABLEADO USB, DISEÑO ESCRITORIO, ESPAÑOL, COLOR NEGRO, MODELO 920-004428 - KENYA', 457.59, '2026-03-09', '2026-03-28 20:06:46', '2026-03-28 20:20:03'),
    (8, 4, 'compra_producto', '-MONITOR PLANO GAMING KENYA G275L E14 , 27" FHD IPS, 144 HZ, 1 MS, HDMI, DP, COLOR NEGRO', 2898.00, '2026-03-09', '2026-03-28 20:17:20', '2026-03-28 20:17:20'),
    (9, 4, 'compra_producto', 'CASE - TEROS - TE1035S - GABINETE MINI TOWER ATX, FUENTE DE 250W, PUERTOS USB 3.0 / 2.0, AUDIO HD, COLOR NEGRO, PERFIL COMPACTO - SIN N/P', 525.00, '2026-03-09', '2026-03-28 20:23:11', '2026-03-28 20:23:11'),
    (10, 4, 'compra_producto', 'MEMORIA RAM - KINGSTON - HYPERX FURY HX432C16FB4/16 - 16GB DDR4-3200MHZ, DIMM, CL16, 1.35V, NON-ECC, XMP 2.0, DISIPADOR - HX432C16FB4/16', 349.00, '2026-03-09', '2026-03-28 20:33:48', '2026-03-28 20:34:35'),
    (11, 4, 'compra_producto', 'MEMORIA RAM - KINGSTON - HYPERX PREDATOR RGB HX432C16PB3A/16 - 16GB DDR4-3200MHZ, UDIMM, CL16, 1.35V, ILUMINACIÓN RGB, XMP, NEGRO - HX432C16PB3A/16', 329.00, '2026-03-09', '2026-03-28 20:35:17', '2026-03-28 20:35:17'),
    (12, 4, 'compra_producto', 'MEMORIA RAM - KINGSTON - KVR32N22D8/16WP - 16GB DDR4-3200MT/S, UDIMM, CL22, 1.2V, 2RX8, 288-PIN, NON-ECC, WHITE PCB - KVR32N22D8/16WP', 1589.20, '2026-03-09', '2026-03-28 20:37:04', '2026-03-28 20:37:04'),
    (13, 4, 'compra_producto', 'PROCESADOR - INTEL - CORE I7-14700 - PROCESADOR 8+12 NÚCLEOS (20C/28H), 2.1 GHZ (TURBO 5.4 GHZ), 33 MB SMART CACHE, SOCKET LGA1700, 65W/219W TDP - SIN N/P', 9179.73, '2026-03-09', '2026-03-28 21:06:02', '2026-03-28 21:06:02'),
    (14, 4, 'compra_producto', 'DISCO SOLIDO NVME KINGSTON NV3 1TB SSD M.2 2280 PCIE 4.0 X4 NVME, VELOCIDAD LECTURA HASTA 6000 MB/S, ESCRITURA HASTA 4000 MB/S, 3D (SNV3S/1000G)', 3941.00, '2026-03-09', '2026-03-28 21:10:35', '2026-03-28 21:10:35'),
    (15, 4, 'compra_producto', 'PLACA MADRE - MSI - PRO H610M-G DDR4 - MICRO-ATX, CHIPSET INTEL H610, SOCKET LGA1700, DDR4, HDMI, VGA, USB 3.2 - PRO H610M-G DDR4', 1848.00, '2026-03-09', '2026-03-28 21:18:11', '2026-03-28 21:18:11')
ON CONFLICT DO NOTHING;

-- pagos
INSERT INTO "pagos" ("id", "deuda_id", "monto", "currency_code", "fecha_pago", "metodo_pago", "referencia", "notas", "created_at", "updated_at") VALUES
    (15, 11, 300.00, 'PEN', '2026-02-07', 'efectivo', 'Ticket 0001-000111', 'el cliente realizara 3 pagos de 390 en un plazo de 3 meses', '2026-02-10 23:42:56', '2026-02-10 23:42:56'),
    (17, 15, 1600.00, 'PEN', '2026-02-04', 'efectivo', '1600', 'PAGO EN CAJA', '2026-02-13 02:38:33', '2026-02-13 02:38:33'),
    (18, 17, 1600.00, 'PEN', '2026-02-05', 'efectivo', 'pago del alquiler', 'luz aparte', '2026-02-17 02:56:48', '2026-02-17 02:56:48'),
    (19, 11, 300.00, 'PEN', '2026-02-16', 'efectivo', 'SEGUNDA CUOTA', 'Pago de la compra de Laptop Lenovo V15', '2026-02-18 04:43:37', '2026-02-18 04:43:37'),
    (20, 15, 1200.00, 'PEN', '2026-03-06', 'efectivo', 'ALQUILER', NULL, '2026-03-10 02:52:07', '2026-03-10 02:52:07'),
    (21, 15, 400.00, 'PEN', '2026-03-09', 'efectivo', 'TICKET 0001-143', 'PAGO DE ALQUILER LOCAL', '2026-03-21 20:20:43', '2026-03-21 20:20:43'),
    (22, 11, 300.00, 'PEN', '2026-03-21', 'efectivo', 'TICKET - 153', 'TERCERA CUOTA LAPTOP', '2026-03-22 01:15:06', '2026-03-22 01:15:06'),
    (23, 16, 50.00, 'PEN', '2026-03-20', 'efectivo', NULL, E'TICKET\t0001-000152', '2026-03-22 01:19:04', '2026-03-22 01:19:04')
ON CONFLICT DO NOTHING;

-- recibos_alquiler
INSERT INTO "recibos_alquiler" ("id", "deuda_alquiler_id", "numero_recibo", "monto", "periodo_inicio", "periodo_fin", "estado", "fecha_pago", "notas", "created_at", "updated_at") VALUES
    (3, 2, 'REC-0002-0001', 9600.00, '2026-01-01', '2026-01-31', 'pendiente', NULL, NULL, '2026-02-13 02:38:08', '2026-02-13 02:38:08'),
    (4, 3, 'REC-0003-0001', 9600.00, '2026-01-01', '2026-01-31', 'pendiente', NULL, NULL, '2026-02-13 02:55:55', '2026-02-13 02:55:55'),
    (5, 3, 'REC-0003-0002', 9600.00, '2026-02-01', '2026-02-28', 'pendiente', NULL, NULL, '2026-02-26 01:37:36', '2026-02-26 01:37:36')
ON CONFLICT DO NOTHING;

-- ────────── RESET SEQUENCES ─────────────────────────────────────

SELECT setval(pg_get_serial_sequence('"clientes"', 'id'), 11, false);
SELECT setval(pg_get_serial_sequence('"configuraciones"', 'id'), 1, false);
SELECT setval(pg_get_serial_sequence('"deudas"', 'id'), 36, false);
SELECT setval(pg_get_serial_sequence('"deuda_alquileres"', 'id'), 4, false);
SELECT setval(pg_get_serial_sequence('"deuda_entidades"', 'id'), 21, false);
SELECT setval(pg_get_serial_sequence('"deuda_historial"', 'id'), 48, false);
SELECT setval(pg_get_serial_sequence('"entidades"', 'id'), 8, false);
SELECT setval(pg_get_serial_sequence('"gastos_oc"', 'id'), 16, false);
SELECT setval(pg_get_serial_sequence('"inmuebles"', 'id'), 2, false);
SELECT setval(pg_get_serial_sequence('"movimientos"', 'id'), 61, false);
SELECT setval(pg_get_serial_sequence('"notificaciones"', 'id'), 1, false);
SELECT setval(pg_get_serial_sequence('"ordenes_compra"', 'id'), 5, false);
SELECT setval(pg_get_serial_sequence('"pagos"', 'id'), 24, false);
SELECT setval(pg_get_serial_sequence('"pagos_oc"', 'id'), 1, false);
SELECT setval(pg_get_serial_sequence('"recibos_alquiler"', 'id'), 6, false);
SELECT setval(pg_get_serial_sequence('"roles"', 'id'), 1, false);
SELECT setval(pg_get_serial_sequence('"users"', 'id'), 8, false);

